Hashtag,Count
#TransLivesMatter,150
#translivesmatter,77
#StopTheHate,58
#LGBTQ,58
#PoseFX,56
#trans,52
#HailieSahar,49
#houseofxtravaganza,49
#MjRodriguez,49
#AlexiaGarcia,49
#ColdCase,49
#IndyaMoore,49
#truecrime,49
#DomoniqueJackson,49
#StopTheKillings,49
#AngelicaRoss,49
#houseofdupree,49
#TransRightsAreHumanRights,41
#TransIsBeautiful,41
#AnotherElement,31
#Clubhouse,31
#Pride,19
#WontBeErased,16
#BlackTransLivesMatter,15
#SAVEMAYA,15
#BlackLivesMatter,14
#powercrystal,13
#BIGOLIVE,12
#mjrodriguez,10
#petpeeves,10
#toowongfoo,10
#relationships,10
#transgender,10
#MerryChristmas,9
#StopTransphobia,9
#ChristmasGift,9
#KinkNoir,8
#holidays,8
#Kindle,7
#LGBT,7
#blacklivesmatter,7
#transgirl,6
#blackTRANSlivesmatter,6
#CrimeFiction,6
#blacktranslivesmatter,6
#EqualityAct,5
#LGBTQIA,5
#protecttranswomen,4
#blackandbrowntranslives,4
#girlslikeus,4
#Triadin,4
#BLM,4
#tinder,4
#JusticePourLuna,4
#Patreon,4
#HolidaySeason,4
#asexual,4
#NerdGirl,4
#GirlGeek,4
#antifa,3
#transanta,3
#comicbook,3
#transmodel,3
#Chicago,3
#NewOrleans,3
#Dallas,3
#transbeauty,3
#transpride,3
#Transgender,3
#TellYourStories,3
#ftm,3
#lgbq,3
#JKRowling,3
#indyamoore,3
#HistoryUnerased,3
#advocates,3
#transsexual,3
#mtf,3
#Trans,3
#DisabledLivesMatter,3
#proudholidays,3
#WalkingWhileTrans,2
#TransLash,2
#Repost,2
#inthistogether,2
#upperwestside,2
#DearPrudie,2
#LosAngeles,2
#sport,2
#enby,2
#Christmas,2
#TransLatina,2
#transexclusion,2
#dismantlethepatriarchy,2
#LuciasDoc,2
#LGBTQFamily,2
#quoteoftheday,2
#Disabled,2
#betterthanyou,2
#spanishirishgoddess,2
#feminist,2
#TransitionIsAGoodThing,2
#TransMentalHealth,2
#topsurgery,2
#Entaglement,2
#lgbtq,2
#helpline,2
#blmmovement,2
#barebackbottom,2
#Respect,2
#Lesbian,2
#mustread,2
#podcast,2
#Nonbinary,2
#transphobia,2
#BarebackOnly,2
#hope,2
#Enby,2
#TransWomenareWomen,2
#gender,2
#LittleRock,2
#GulPanra,2
#shemale,2
#love,2
#GenderAwareness,2
#TransAwareness,2
#paperback,2
#warriorspirit,2
#KeepOnSwimming,1
#transhearts,1
#BlackDiamonds,1
#Beauty,1
#IDEVASW,1
#tiktok,1
#transyouthmatter,1
#indigenous,1
#nocages,1
#transrights,1
#shopnow,1
#transentertainer,1
#genderdiversity,1
#TransisBeautiful,1
#wtf,1
#InMemoriamOf,1
#bridgetflack,1
#QOTD,1
#mood,1
#sexworkerlivesmatter,1
#TRANSLIVESMATTER,1
#superpowers,1
#bisexual,1
#TRANSATTRACTEDMEN,1
#sanctuary,1
#safehouse,1
#HappySolstice,1
#VicePresidentElectHarris,1
#RadicalFaeries,1
#transrolemodel,1
#ThePassionVine,1
#JayceonDido,1
#radical,1
#TransLivesMatters,1
#trans_women,1
#sissy,1
#fuckyou,1
#loveislove,1
#lovewins,1
#nsfw,1
#HappyChristmas,1
#femboys,1
#TestostroneSavedMyLife,1
#fembois,1
#sissyslut,1
#lesbian,1
#trap,1
#crossdressing,1
#OklahomaCity,1
#holidayseason,1
#proud,1
#AdoptaFamilyAtXmas,1
#tgirl,1
#16DaysOfActivism,1
#reptile,1
#Shamelessplug,1
#transisbeautiful,1
#goodcomedian,1
#prettygirl,1
#hotgirl,1
#16Days,1
#mealsforchristmas,1
#mealsforchicago,1
#blacktransled,1
#suppottrandledorg,1
#liveandletlive,1
#womenempowerment,1
#live,1
#WomenInComedy,1
#equality,1
#Feminism,1
#justice,1
#gay,1
#others,1
#gaylokal,1
#Translivesmatter,1
#ADOS,1
#DnD,1
#terfwars,1
#ProtectTransKids,1
#USA,1
#KeepOnShining,1
#Homophobia,1
#biphobia,1
#GamerGirl,1
#TransGamer,1
#GirlsRule,1
#Warzone,1
#Cod,1
#ComePlay,1
#binary,1
#TheFutureOfTrans,1
#SOPHIE,1
#LGBTQIAhours,1
#LBGTQ,1
#trannyporn,1
#bbc,1
#chrissamuels,1
#rhop,1
#LGBTQIA2020,1
#NOH8,1
#ReachTheGoal,1
#CHARITYSTREAM,1
#georgia,1
#augusta,1
#pretty,1
#LoveIsLove,1
#disclosure,1
#Gaylivesmatter,1
#TransGirls,1
#PornHub,1
#GenderDiverse,1
#HarmReduction,1
#GAHRT,1
#PubertyBlockers,1
#BlackGayLivesMatter,1
#GayLivesMatter,1
#EQUALITY,1
#mua,1
#NoFilter,1
#Itsbambii,1
#itsbambiiplayhouse,1
#gaymen,1
#Article2,1
#UDHR,1
#vaginoplasty,1
#phalloplasty,1
#testosterone,1
#bbwebony,1
#VTUBER,1
#covid_19,1
#allarewelcome,1
#inthistogetherohio,1
#StrongLady,1
#holidays2020,1
#transallies,1
#xmas2020,1
#boobs,1
#her,1
#she,1
#Promare,1
#PRIDE2020,1
#pridemonth,1
#JusticeForJenniferLaude,1
#KeepPembertonInJail,1
#DYK,1
#twospirit,1
#indigenouspeople,1
#berdache,1
#TikTok,1
#Hulu,1
#heartbreaking,1
#transwoman,1
#TERF,1
#twitch,1
#Homeless,1
#BeautifulWomen,1
#BeDifferent,1
#SayHerName,1
#porn,1
#nofilterneeded,1
#AsexualPride,1
#SelfcareSunday,1
#selfcare,1
#wordstoliveby,1
#transmenaremen,1
#transgirls,1
#TGirls,1
#tgirlsheaven,1
#Tgirladdict,1
#transexual,1
#shemalebeauty,1
#RETWEEET,1
#mtftransgender,1
#mtftransition,1
#transfitness,1
#BlackTransCrowdfund,1
#cisgender,1
#TransAngels,1
#transdick,1
#transawarenessweek,1
#onlyFans,1
#LGBTQI,1
