Id,Label
#TransLivesMatter,#TransLivesMatter
#translivesmatter,#translivesmatter
#StopTheHate,#StopTheHate
#LGBTQ,#LGBTQ
#PoseFX,#PoseFX
#trans,#trans
#HailieSahar,#HailieSahar
#houseofxtravaganza,#houseofxtravaganza
#MjRodriguez,#MjRodriguez
#AlexiaGarcia,#AlexiaGarcia
#ColdCase,#ColdCase
#IndyaMoore,#IndyaMoore
#truecrime,#truecrime
#DomoniqueJackson,#DomoniqueJackson
#StopTheKillings,#StopTheKillings
#AngelicaRoss,#AngelicaRoss
#houseofdupree,#houseofdupree
#TransRightsAreHumanRights,#TransRightsAreHumanRights
#TransIsBeautiful,#TransIsBeautiful
#AnotherElement,#AnotherElement
#Clubhouse,#Clubhouse
#Pride,#Pride
#WontBeErased,#WontBeErased
#BlackTransLivesMatter,#BlackTransLivesMatter
#SAVEMAYA,#SAVEMAYA
#BlackLivesMatter,#BlackLivesMatter
#powercrystal,#powercrystal
#BIGOLIVE,#BIGOLIVE
#mjrodriguez,#mjrodriguez
#petpeeves,#petpeeves
#toowongfoo,#toowongfoo
#relationships,#relationships
#transgender,#transgender
#MerryChristmas,#MerryChristmas
#StopTransphobia,#StopTransphobia
#ChristmasGift,#ChristmasGift
#KinkNoir,#KinkNoir
#holidays,#holidays
#Kindle,#Kindle
#LGBT,#LGBT
#blacklivesmatter,#blacklivesmatter
#transgirl,#transgirl
#blackTRANSlivesmatter,#blackTRANSlivesmatter
#CrimeFiction,#CrimeFiction
#blacktranslivesmatter,#blacktranslivesmatter
#EqualityAct,#EqualityAct
#LGBTQIA,#LGBTQIA
#protecttranswomen,#protecttranswomen
#blackandbrowntranslives,#blackandbrowntranslives
#girlslikeus,#girlslikeus
#Triadin,#Triadin
#BLM,#BLM
#tinder,#tinder
#JusticePourLuna,#JusticePourLuna
#Patreon,#Patreon
#HolidaySeason,#HolidaySeason
#asexual,#asexual
#NerdGirl,#NerdGirl
#GirlGeek,#GirlGeek
#antifa,#antifa
#transanta,#transanta
#comicbook,#comicbook
#transmodel,#transmodel
#Chicago,#Chicago
#NewOrleans,#NewOrleans
#Dallas,#Dallas
#transbeauty,#transbeauty
#transpride,#transpride
#Transgender,#Transgender
#TellYourStories,#TellYourStories
#ftm,#ftm
#lgbq,#lgbq
#JKRowling,#JKRowling
#indyamoore,#indyamoore
#HistoryUnerased,#HistoryUnerased
#advocates,#advocates
#transsexual,#transsexual
#mtf,#mtf
#Trans,#Trans
#DisabledLivesMatter,#DisabledLivesMatter
#proudholidays,#proudholidays
#WalkingWhileTrans,#WalkingWhileTrans
#TransLash,#TransLash
#Repost,#Repost
#inthistogether,#inthistogether
#upperwestside,#upperwestside
#DearPrudie,#DearPrudie
#LosAngeles,#LosAngeles
#sport,#sport
#enby,#enby
#Christmas,#Christmas
#TransLatina,#TransLatina
#transexclusion,#transexclusion
#dismantlethepatriarchy,#dismantlethepatriarchy
#LuciasDoc,#LuciasDoc
#LGBTQFamily,#LGBTQFamily
#quoteoftheday,#quoteoftheday
#Disabled,#Disabled
#betterthanyou,#betterthanyou
#spanishirishgoddess,#spanishirishgoddess
#feminist,#feminist
#TransitionIsAGoodThing,#TransitionIsAGoodThing
#TransMentalHealth,#TransMentalHealth
#topsurgery,#topsurgery
#Entaglement,#Entaglement
#lgbtq,#lgbtq
#helpline,#helpline
#blmmovement,#blmmovement
#barebackbottom,#barebackbottom
#Respect,#Respect
#Lesbian,#Lesbian
#mustread,#mustread
#podcast,#podcast
#Nonbinary,#Nonbinary
#transphobia,#transphobia
#BarebackOnly,#BarebackOnly
#hope,#hope
#Enby,#Enby
#TransWomenareWomen,#TransWomenareWomen
#gender,#gender
#LittleRock,#LittleRock
#GulPanra,#GulPanra
#shemale,#shemale
#love,#love
#GenderAwareness,#GenderAwareness
#TransAwareness,#TransAwareness
#paperback,#paperback
#warriorspirit,#warriorspirit
#KeepOnSwimming,#KeepOnSwimming
#transhearts,#transhearts
#BlackDiamonds,#BlackDiamonds
#Beauty,#Beauty
#IDEVASW,#IDEVASW
#tiktok,#tiktok
#transyouthmatter,#transyouthmatter
#indigenous,#indigenous
#nocages,#nocages
#transrights,#transrights
#shopnow,#shopnow
#transentertainer,#transentertainer
#genderdiversity,#genderdiversity
#TransisBeautiful,#TransisBeautiful
#wtf,#wtf
#InMemoriamOf,#InMemoriamOf
#bridgetflack,#bridgetflack
#QOTD,#QOTD
#mood,#mood
#sexworkerlivesmatter,#sexworkerlivesmatter
#TRANSLIVESMATTER,#TRANSLIVESMATTER
#superpowers,#superpowers
#bisexual,#bisexual
#TRANSATTRACTEDMEN,#TRANSATTRACTEDMEN
#sanctuary,#sanctuary
#safehouse,#safehouse
#HappySolstice,#HappySolstice
#VicePresidentElectHarris,#VicePresidentElectHarris
#RadicalFaeries,#RadicalFaeries
#transrolemodel,#transrolemodel
#ThePassionVine,#ThePassionVine
#JayceonDido,#JayceonDido
#radical,#radical
#TransLivesMatters,#TransLivesMatters
#trans_women,#trans_women
#sissy,#sissy
#fuckyou,#fuckyou
#loveislove,#loveislove
#lovewins,#lovewins
#nsfw,#nsfw
#HappyChristmas,#HappyChristmas
#femboys,#femboys
#TestostroneSavedMyLife,#TestostroneSavedMyLife
#fembois,#fembois
#sissyslut,#sissyslut
#lesbian,#lesbian
#trap,#trap
#crossdressing,#crossdressing
#OklahomaCity,#OklahomaCity
#holidayseason,#holidayseason
#proud,#proud
#AdoptaFamilyAtXmas,#AdoptaFamilyAtXmas
#tgirl,#tgirl
#16DaysOfActivism,#16DaysOfActivism
#reptile,#reptile
#Shamelessplug,#Shamelessplug
#transisbeautiful,#transisbeautiful
#goodcomedian,#goodcomedian
#prettygirl,#prettygirl
#hotgirl,#hotgirl
#16Days,#16Days
#mealsforchristmas,#mealsforchristmas
#mealsforchicago,#mealsforchicago
#blacktransled,#blacktransled
#suppottrandledorg,#suppottrandledorg
#liveandletlive,#liveandletlive
#womenempowerment,#womenempowerment
#live,#live
#WomenInComedy,#WomenInComedy
#equality,#equality
#Feminism,#Feminism
#justice,#justice
#gay,#gay
#others,#others
#gaylokal,#gaylokal
#Translivesmatter,#Translivesmatter
#ADOS,#ADOS
#DnD,#DnD
#terfwars,#terfwars
#ProtectTransKids,#ProtectTransKids
#USA,#USA
#KeepOnShining,#KeepOnShining
#Homophobia,#Homophobia
#biphobia,#biphobia
#GamerGirl,#GamerGirl
#TransGamer,#TransGamer
#GirlsRule,#GirlsRule
#Warzone,#Warzone
#Cod,#Cod
#ComePlay,#ComePlay
#binary,#binary
#TheFutureOfTrans,#TheFutureOfTrans
#SOPHIE,#SOPHIE
#LGBTQIAhours,#LGBTQIAhours
#LBGTQ,#LBGTQ
#trannyporn,#trannyporn
#bbc,#bbc
#chrissamuels,#chrissamuels
#rhop,#rhop
#LGBTQIA2020,#LGBTQIA2020
#NOH8,#NOH8
#ReachTheGoal,#ReachTheGoal
#CHARITYSTREAM,#CHARITYSTREAM
#georgia,#georgia
#augusta,#augusta
#pretty,#pretty
#LoveIsLove,#LoveIsLove
#disclosure,#disclosure
#Gaylivesmatter,#Gaylivesmatter
#TransGirls,#TransGirls
#PornHub,#PornHub
#GenderDiverse,#GenderDiverse
#HarmReduction,#HarmReduction
#GAHRT,#GAHRT
#PubertyBlockers,#PubertyBlockers
#BlackGayLivesMatter,#BlackGayLivesMatter
#GayLivesMatter,#GayLivesMatter
#EQUALITY,#EQUALITY
#mua,#mua
#NoFilter,#NoFilter
#Itsbambii,#Itsbambii
#itsbambiiplayhouse,#itsbambiiplayhouse
#gaymen,#gaymen
#Article2,#Article2
#UDHR,#UDHR
#vaginoplasty,#vaginoplasty
#phalloplasty,#phalloplasty
#testosterone,#testosterone
#bbwebony,#bbwebony
#VTUBER,#VTUBER
#covid_19,#covid_19
#allarewelcome,#allarewelcome
#inthistogetherohio,#inthistogetherohio
#StrongLady,#StrongLady
#holidays2020,#holidays2020
#transallies,#transallies
#xmas2020,#xmas2020
#boobs,#boobs
#her,#her
#she,#she
#Promare,#Promare
#PRIDE2020,#PRIDE2020
#pridemonth,#pridemonth
#JusticeForJenniferLaude,#JusticeForJenniferLaude
#KeepPembertonInJail,#KeepPembertonInJail
#DYK,#DYK
#twospirit,#twospirit
#indigenouspeople,#indigenouspeople
#berdache,#berdache
#TikTok,#TikTok
#Hulu,#Hulu
#heartbreaking,#heartbreaking
#transwoman,#transwoman
#TERF,#TERF
#twitch,#twitch
#Homeless,#Homeless
#BeautifulWomen,#BeautifulWomen
#BeDifferent,#BeDifferent
#SayHerName,#SayHerName
#porn,#porn
#nofilterneeded,#nofilterneeded
#AsexualPride,#AsexualPride
#SelfcareSunday,#SelfcareSunday
#selfcare,#selfcare
#wordstoliveby,#wordstoliveby
#transmenaremen,#transmenaremen
#transgirls,#transgirls
#TGirls,#TGirls
#tgirlsheaven,#tgirlsheaven
#Tgirladdict,#Tgirladdict
#transexual,#transexual
#shemalebeauty,#shemalebeauty
#RETWEEET,#RETWEEET
#mtftransgender,#mtftransgender
#mtftransition,#mtftransition
#transfitness,#transfitness
#BlackTransCrowdfund,#BlackTransCrowdfund
#cisgender,#cisgender
#TransAngels,#TransAngels
#transdick,#transdick
#transawarenessweek,#transawarenessweek
#onlyFans,#onlyFans
#LGBTQI,#LGBTQI
