Id,Label
we,we
will,will
keep,keep
fighting,fighting
for,for
justice,justice
noor,noor
muqaddam,muqaddam
twitter,twitter
space,space
with,with
case,case
get,get
join,join
our,our
saturday,saturday
22nd,22nd
january,january
at,at
9pm,9pm
pst,pst
ğŸ‘‡ğŸ»ğŸ‘‡ğŸ»ğŸ‘‡ğŸ»,ğŸ‘‡ğŸ»ğŸ‘‡ğŸ»ğŸ‘‡ğŸ»
moral,moral
degradation,degradation
in,in
society,society
why,why
have,have
you,you
stopped,stopped
covering,covering
the,the
initially,initially
were,were
so,so
active,active
but,but
now,now
see,see
just,just
silence,silence
been,been
silenced,silenced
by,by
rich,rich
jaffersadamjee,jaffersadamjee
or,or
lost,lost
interest,interest
because,because
not,not
getting,getting
enough,enough
views,views
what,what
very,very
disappointed,disappointed
last,last
14,14
years,years
there,there
over,over
800,800
acid,acid
and,and
kerosene,kerosene
burning,burning
cases,cases
pakistan,pakistan
even,even
one,one
victim,victim
has,has
given,given
law,law
does,does
implemented,implemented
â€¦,â€¦
a,a
few,few
afterthoughts,afterthoughts
on,on
this,this
interesting,interesting
listen,listen
to,to
women,women
dont,dont
be,be
thinking,thinking
about,about
think,think
shes,shes
saying,saying
her,her
let,let
finish,finish
concerns,concerns
evaluate,evaluate
risk,risk
how,how
youd,youd
react,react
nor,nor
i,i
are,are
shoes,shoes
15,15
realistic,realistic
culturesociety,culturesociety
looks,looks
like,like
around,around
acknowledge,acknowledge
me,me
amp,amp
complicity,complicity
issue,issue
fingerpointing,fingerpointing
leads,leads
own,own
selves,selves
drastically,drastically
change,change
your,your
stance,stance
intolerant,intolerant
of,of
little,little
sexism,sexism
that,that
45,45
imho,imho
gruesomeness,gruesomeness
crime,crime
lot,lot
do,do
outrage,outrage
ğŸ‘µroutinely,ğŸ‘µroutinely
endure,endure
pinching,pinching
grabbing,grabbing
obscene,obscene
gestures,gestures
other,other
nonlethal,nonlethal
quite,quite
demeaning,demeaning
treatment,treatment
outraged,outraged
these,these
indignities,indignities
ğŸ§•face,ğŸ§•face
wait,wait
something,something
kill,kill
us,us
25,25
sharam,sharam
izzat,izzat
haya,haya
should,should
as,as
applicable,applicable
mensons,mensons
womendaughters,womendaughters
islamic,islamic
republic,republic
shouldnâ€™t,shouldnâ€™t
citied,citied
convenience,convenience
americanness,americanness
pulled,pulled
out,out
hopes,hopes
escapealso,escapealso
all,all
living,living
through,through
â€™s,â€™s
trauma,trauma
donâ€™t,donâ€™t
make,make
it,it
more,more
traumatic,traumatic
criminals,criminals
zahir,zahir
jaffer,jaffer
nd,nd
omer,omer
khalid,khalid
memon,memon
need,need
punished,punished
they,they
evil,evil
minds,minds
cruelest,cruelest
gamer,gamer
world,world
hell,hell
is,is
if,if
s,s
family,family
didnt,didnt
would,would
lose,lose
completely,completely
burn,burn
pakistani,pakistani
flag,flag
person,person
actually,actually
mentally,mentally
ill,ill
normal,normal
cannot,cannot
such,such
things,things
he,he
done,done
jaffir,jaffir
alive,alive
till,till
his,his
breath,breath
could,could
experience,experience
gave,gave
bloody,bloody
animal,animal
parents,parents
too,too
system,system
pakistanğŸ‘,pakistanğŸ‘
hair,hair
style,style
murderer,murderer
ğŸ‘,ğŸ‘
an,an
oped,oped
critical,critical
course,course
correct,correct
ğŸ”—,ğŸ”—
1ï¸âƒ£,1ï¸âƒ£
â€œshe,â€œshe
was,was
raped,raped
beaten,beaten
beheaded,beheaded
thousands,thousands
every,every
year,year
â€“,â€“
noorâ€™s,noorâ€™s
important,important
future,future
womenâ€™s,womenâ€™s
rightsâ€,rightsâ€
same,same
murder,murder
20047,20047
itâ€™s,itâ€™s
problem,problem
flawed,flawed
hypocritic,hypocritic
motherland,motherland
nothing,nothing
crowd,crowd
nation,nation
never,never
learned,learned
love,love
value,value
noorwomen,noorwomen
lives,lives
matterit,matterit
pathetic,pathetic
note,note
judge,judge
taking,taking
long,long
seems,seems
behind,behind
close,close
door,door
trial,trial
room,room
happeningif,happeningif
away,away
delay,delay
means,means
towards,towards
completion,completion
o,o
prosecution,prosecution
witness,witness
after,after
statement,statement
accused,accused
then,then
conviction,conviction
update,update
proceeding,proceeding
took,took
place,place
yesterday,yesterday
defense,defense
counsel,counsel
zakir,zakir
did,did
crossexamination,crossexamination
investigation,investigation
officer,officer
io,io
adiala,adiala
jail,jail
doctors,doctors
declared,declared
fit,fit
medical,medical
report,report
next,next
24th,24th
jan,jan
haral,haral
pretending,pretending
himself,himself
court,court
proceedings,proceedings
everyday,everyday
coming,coming
up,up
new,new
baseless,baseless
excuses,excuses
bit,bit
always,always
remember,remember
allah,allah
where,where
wouldnt,wouldnt
work,work
sure,sure
part,part
2,2
bill,bill
gates,gates
hails,hails
mukadam,mukadam
imran,imran
khan,khan
exc,exc
via,via
shame,shame
police,police
must,must
read,read
monster,monster
needs,needs
incidents,incidents
pushed,pushed
under,under
carpet,carpet
authors,authors
rightly,rightly
ask,ask
many,many
carpets,carpets
realize,realize
floor,floor
which,which
mentioned,mentioned
fir,fir
cdr,cdr
surprisingly,surprisingly
neither,neither
shokat,shokat
muqadam,muqadam
bothered,bothered
tell,tell
each,each
call,call
whatsapp,whatsapp
supposedly,supposedly
deceived,deceived
dramay,dramay
baaz,baaz
hanged,hanged
inshaaallah,inshaaallah
â€œwe,â€œwe
look,look
good,good
samaritan,samaritan
whatâ€™s,whatâ€™s
stopping,stopping
from,from
playing,playing
roleâ€,roleâ€
raise,raise
voice,voice
canâ€™t,canâ€™t
bring,bring
back,back
can,can
prevent,prevent
being,being
hashtag,hashtag
blessed,blessed
day,day
forget,forget
pray,pray
may,may
swt,swt
give,give
immense,immense
sabar,sabar
strength,strength
loved,loved
ones,ones
ameen,ameen
time,time
used,used
hear,hear
ke,ke
loogon,loogon
ko,ko
parwa,parwa
nahin,nahin
hai,hai
apne,apne
mulk,mulk
people,people
connecting,connecting
grieving,grieving
warms,warms
my,my
heart,heart
still,still
hopethe,hopethe
sheer,sheer
fact,fact
care,care
gives,gives
hope,hope
zaher,zaher
doctor,doctor
described,described
tests,tests
ran,ran
defendant,defendant
showed,showed
them,them
medically,medically
able,able
reason,reason
their,their
experienced,experienced
opinion,opinion
determination,determination
right,right
hands,hands
down,down
best,best
tweet,tweet
caseğŸ’¯ğŸ’¯ğŸ’¯,caseğŸ’¯ğŸ’¯ğŸ’¯
team,team
declares,declares
physically,physically
psychiatrist,psychiatrist
appeared,appeared
whats,whats
matter,matter
waiting,waiting
create,create
another,another
drama,drama
itstabi,itstabi
abused,abused
social,social
media,media
today,today
civic,civic
duty,duty
remind,remind
jafferadamjees,jafferadamjees
remain,remain
silent,silent
fuck,fuck
entire,entire
protecting,protecting
heirs,heirs
moguls,moguls
landlords,landlords
etc,etc
process,process
hurry,hurry
glad,glad
tactics,tactics
called,called
off,off
allhumdulilah,allhumdulilah
sending,sending
lots,lots
prayers,prayers
noors,noors
allahs,allahs
blessings,blessings
upon,upon
youâ¤ï¸,youâ¤ï¸
yess,yess
facts,facts
attending,attending
circumstances,circumstances
reveal,reveal
suffering,suffering
mental,mental
illness,illness
afterthought,afterthought
plea,plea
raised,raised
rid,rid
criminal,criminal
liability,liability
order,order
declare,declare
â€œ,â€œ
healthyâ€,healthyâ€
hurdle,hurdle
put,put
him,him
better,better
already,already
hunch,hunch
adamjaffs,adamjaffs
claim,claim
docs,docs
r,r
incompampdonâ€™t,incompampdonâ€™t
know,know
nuances,nuances
ment,ment
healthonly,healthonly
therapy,therapy
works,works
doesi,doesi
also,also
believe,believe
antics,antics
americansiâ€™m,americansiâ€™m
lawyer,lawyer
degree,degree
americans,americans
save,save
afreedi,afreedi
complicit,complicit
torture,torture
young,young
woman,woman
theyre,theyre
posting,posting
absolutely,absolutely
vile,vile
disgusting,disgusting
lousy,lousy
theatrics,theatrics
gain,gain
some,some
sick,sick
sympathy,sympathy
feel,feel
disgusted,disgusted
creep,creep
monsters,monsters
deserve,deserve
empathy,empathy
exist,exist
any,any
thats,thats
im,im
wondering,wondering
kind,kind
consequences,consequences
definitely,definitely
face,face
here,here
hereafter,hereafter
reality,reality
mockery,mockery
judicial,judicial
systemâ—such,systemâ—such
pics,pics
disdainful,disdainful
judiciary,judiciary
end,end
blatant,blatant
speedy,speedy
examplary,examplary
punishment,punishment
punish,punish
who,who
obstruct,obstruct
timely,timely
x3,x3
main,main
produced,produced
before,before
sitting,sitting
chair,chair
according,according
accuseds,accuseds
lawyers,lawyers
jaffers,jaffers
condition,condition
deteriorated,deteriorated
axhar,axhar
maneuver,maneuver
dodging,dodging
rehearsal,rehearsal
altitude,altitude
41000,41000
ft,ft
mach4,mach4
hearingğŸ‘,hearingğŸ‘
wat,wat
manhoos,manhoos
moment,moment
thisğŸ’”,thisğŸ’”
ppl,ppl
pro,pro
humiliating,humiliating
sentiments,sentiments
others,others
selflessly,selflessly
selfish,selfish
soulsğŸ’”,soulsğŸ’”
knowingly,knowingly
unknowingly,unknowingly
feed,feed
inside,inside
themğŸ’”,themğŸ’”
k,k
janaza,janaza
nikly,nikly
no,no
dramas,dramas
u,u
maafi,maafi
hearing,hearing
thursday,thursday
prime,prime
suspect,suspect
brought,brought
islamabad,islamabad
sessions,sessions
stretcher,stretcher
rather,rather
asked,asked
having,having
sort,sort
relation,relation
continue,continue
counsels,counsels
caseis,caseis
delayed,delayed
whom,whom
concernğŸ’”,concernğŸ’”
iscool76,iscool76
anyone,anyone
confused,confused
she,she
muslim,muslim
girl,girl
got,got
brutally,brutally
murdered,murdered
rejecting,rejecting
government,government
mostly,mostly
ignoring,ignoring
most,most
probably,probably
bribed,bribed
hate,hate
ass,ass
holes,holes
innocent,innocent
ruthlessly,ruthlessly
creepy,creepy
seeing,seeing
acting,acting
ğŸ˜ ,ğŸ˜ 
stop,stop
portraying,portraying
disable,disable
uh,uh
guys,guys
wanna,wanna
girls,girls
hang,hang
bastard,bastard
when,when
wrapped,wrapped
nasty,nasty
piece,piece
zj,zj
receive,receive
crazy,crazy
man,man
act,act
properly,properly
guy,guy
gut,gut
guts,guts
telling,telling
boring,boring
le,le
watching,watching
sm,sm
hatsofftotheapathy,hatsofftotheapathy
sympathizers,sympathizers
ampdefenders,ampdefenders
likessadly,likessadly
pplwho,pplwho
spare,spare
poor,poor
attempted,attempted
assault,assault
theft,theft
defenders,defenders
elites,elites
crimes,crimes
ğŸ’”,ğŸ’”
desidream,desidream
point,point
comes,comes
grave,grave
truth,truth
herself,herself
stabs,stabs
cuts,cuts
head,head
infront,infront
courtroom,courtroom
again,again
wont,wont
guilty,guilty
ğŸ™‚,ğŸ™‚
everything,everything
submitted,submitted
present,present
coffin,coffin
watched,watched
amazing,amazing
documentary,documentary
trailer,trailer
its,its
sad,sad
separated,separated
letâ€™s,letâ€™s
promote,promote
channel,channel
jhaur,jhaur
unknown,unknown
casket,casket
ğŸ‘‡,ğŸ‘‡
recent,recent
video,video
revolting,revolting
say,say
least,least
stand,stand
wonder,wonder
difficult,difficult
tolerate,tolerate
beast,beast
asap,asap
haneefa,haneefa
deserves,deserves
psychologically,psychologically
â€˜completely,â€˜completely
fitâ€™,fitâ€™
despite,despite
arrival,arrival
visit,visit
going,going
injured,injured
brawl,brawl
jailer,jailer
giving,giving
tough,tough
transferred,transferred
mianwali,mianwali
zahirâ€™s,zahirâ€™s
positive,positive
corona,corona
questioning,questioning
father,father
take,take
notice,notice
against,against
aurat,aurat
march,march
well,well
supporting,supporting
shukar,shukar
almighty,almighty
praying,praying
granted,granted
jannat,jannat
ul,ul
firdous,firdous
grant,grant
aladl,aladl
embodiment,embodiment
sets,sets
matters,matters
straight,straight
equitable,equitable
manner,manner
brings,brings
absolute,absolute
wisdom,wisdom
miss,miss
noorah,noorah
changed,changed
baba,baba
live,live
conscious,conscious
lifei,lifei
trust,trust
only,only
prevail,prevail
inshallah,inshallah
dayğŸ¤—,dayğŸ¤—
Ù…Ù„Ú©Ú©ÛŒØ¨Ù‚Ø§ØµØ¯Ø§Ø±ØªÛŒÙ†Ø¸Ø§Ù…,Ù…Ù„Ú©Ú©ÛŒØ¨Ù‚Ø§ØµØ¯Ø§Ø±ØªÛŒÙ†Ø¸Ø§Ù…
professional,professional
serial,serial
killer,killer
use,use
dodge,dodge
ğŸ™ğŸ¼,ğŸ™ğŸ¼
actors,actors
pakistans,pakistans
history,history
really,really
oscar,oscar
ğŸ˜‚,ğŸ˜‚
khan2,khan2
abhishek,abhishek
bachan,bachan
actor,actor
than,than
set,set
free,free
mukhdamâ€™s,mukhdamâ€™s
moving,moving
forward,forward
chance,chance
might,might
tiny,tiny
loop,loop
courts,courts
videos,videos
sentence,sentence
hand,hand
death,death
publically,publically
third,third
class,class
stupid,stupid
ignorant,ignorant
burgers,burgers
seen,seen
true,true
zero,zero
tolerance,tolerance
cruelty,cruelty
kabhi,kabhi
pey,pey
toh,toh
hospital,hospital
zahid,zahid
jaffar,jaffar
fully,fully
fine,fine
farrukh,farrukh
khokhar,khokhar
reveals,reveals
fake,fake
dr,dr
afzal,afzal
complainant,complainant
curses,curses
savage,savage
beastğŸ¤²,beastğŸ¤²
unstable,unstable
hy,hy
bhi,bhi
tangein,tangein
kam,kam
kr,kr
rhi,rhi
hn,hn
na,na
ajeeb,ajeeb
shughal,shughal
chal,chal
rha,rha
ruthless,ruthless
check,check
kar,kar
lain,lain
inke,inke
wen,wen
went,went
drs,drs
pannel,pannel
said,said
em,em
schizophrenic,schizophrenic
n,n
wasnt,wasnt
senses,senses
cant,cant
walk,walk
came,came
glared,glared
go,go
punshiment,punshiment
hosseini,hosseini
wrote,wrote
thousand,thousand
splendid,splendid
suns,suns
compass,compass
needle,needle
points,points
north,north
mans,mans
accusing,accusing
finger,finger
finds,finds
alchemist,alchemist
become,become
conveniently,conveniently
brilliant,brilliant
actingğŸ™ŒğŸ»ğŸ™ŒğŸ»,actingğŸ™ŒğŸ»ğŸ™ŒğŸ»
godğŸ™,godğŸ™
incarnate,incarnate
isnâ€™t,isnâ€™t
odd,odd
since,since
started,started
asking,asking
questions,questions
doppelganger,doppelganger
disappearedğŸ§,disappearedğŸ§
ğŸ¤¨,ğŸ¤¨
6,6
months,months
authorities,authorities
jafferadamjee,jafferadamjee
tactic,tactic
thwarted,thwarted
maro,maro
haramio,haramio
isnt,isnt
had,had
institutionalized,institutionalized
ago,ago
concocted,concocted
defence,defence
inducing,inducing
come,come
beheaderğŸ‘‡ğŸ»,beheaderğŸ‘‡ğŸ»
penalty,penalty
abt,abt
blood,blood
boils,boils
veer,veer
capital,capital
mercy,mercy
advocate,advocate
sikandar,sikandar
zulqarnain,zulqarnain
saleem,saleem
trying,trying
scandalise,scandalise
mukaddamâ€™s,mukaddamâ€™s
traumatising,traumatising
misogynistic,misogynistic
blaming,blaming
illegal,illegal
major,major
families,families
avoid,avoid
visual,visual
representation,representation
fucking,fucking
level,level
performance,performance
ready,ready
corrupt,corrupt
clearly,clearly
first,first
dramatic,dramatic
skills,skills
confirmed,confirmed
clean,clean
health,health
daring,daring
ğŸ‘¹,ğŸ‘¹
connected,connected
nawaz,nawaz
safe,safe
exit,exit
accepted,accepted
heinous,heinous
stuck,stuck
discussing,discussing
whether,whether
ğŸ˜¡,ğŸ˜¡
filthy,filthy
executed,executed
public,public
while,while
corpse,corpse
kept,kept
hanging,hanging
until,until
decays,decays
yes,yes
working,working
yet,yet
accusedsâ€™,accusedsâ€™
staff,staff
clambering,clambering
themselves,themselves
garner,garner
beyond,beyond
lol,lol
destroy,destroy
humiliate,humiliate
oh,oh
god,god
heâ€™s,heâ€™s
fooling,fooling
awful,awful
ğŸ˜­,ğŸ˜­
amount,amount
money,money
measure,measure
nature,nature
conscience,conscience
dead,dead
sleep,sleep
peacefully,peacefully
night,night
lines,lines
wrong,wrong
blurred,blurred
classic,classic
â€˜physically,â€˜physically
healthyâ€™,healthyâ€™
chills,chills
moments,moments
much,much
news,news
maybe,maybe
decision,decision
announced,announced
rules,rules
committed,committed
ever,ever
ashamed,ashamed
existence,existence
whos,whos
daughter,daughter
killed,killed
stick,stick
profession,profession
side,side
charged,charged
lying,lying
obstruction,obstruction
pleas,pleas
thoughts,thoughts
pls,pls
tw,tw
mukaddum,mukaddum
bumble,bumble
please,please
aware,aware
remove,remove
platform,platform
shot,shot
refusing,refusing
marry,marry
iâ€™ve,iâ€™ve
reported,reported
account,account
sharing,sharing
everyone,everyone
forgive,forgive
inshaallah,inshaallah
styled,styled
har,har
roz,roz
koi,koi
naya,naya
tamasha,tamasha
karta,karta
ye,ye
fool,fool
arrives,arrives
purportedly,purportedly
showing,showing
unwell,unwell
nextâ€¦,nextâ€¦
thanks,thanks
sorting,sorting
ğŸ™,ğŸ™
show,show
elements,elements
board,board
cooperating,cooperating
otherwise,otherwise
spared,spared
inspire,inspire
tricks,tricks
carry,carry
happened,happened
sharif,sharif
haram,haram
khor,khor
deal,deal
fired,fired
plz,plz
cold,cold
purdue,purdue
respect,respect
outstanding,outstanding
awardwinning,awardwinning
dayâ€¦,dayâ€¦
winning,winning
ğŸ­,ğŸ­
greatest,greatest
soon,soon
agony,agony
primary,primary
arrived,arrived
perpetuated,perpetuated
attempt,attempt
though,though
1,1
ğŸ¤®,ğŸ¤®
todays,todays
decide,decide
possibility,possibility
support,support
assure,assure
willğŸŒºğŸŒºğŸŒº,willğŸŒºğŸŒºğŸŒº
jafer,jafer
dealt,dealt
insanity,insanity
strongly,strongly
rejected,rejected
weâ€™ve,weâ€™ve
unwanted,unwanted
addressing,addressing
amendments,amendments
domestic,domestic
violence,violence
2021,2021
across,across
ğŸ™may,ğŸ™may
physical,physical
debilitation,debilitation
slaughtered,slaughtered
mukaddam,mukaddam
shaukat,shaukat
islamabads,islamabads
f7,f7
sector,sector
testified,testified
demanded,demanded
theatrical,theatrical
plot,plot
written,written
didnâ€™t,didnâ€™t
nears,nears
gruesome,gruesome
28yearold,28yearold
exdiplomat,exdiplomat
escorted,escorted
into,into
kindly,kindly
topic,topic
die,die
influential,influential
castrate,castrate
incident,incident
life,life
inspires,inspires
ap,ap
log,log
bemar,bemar
kp,kp
protocol,protocol
dy,dy
rhay,rhay
thay,thay
dear,dear
stake,stake
c,c
grade,grade
promise,promise
bs,bs
compromising,compromising
ends,ends
beginning,beginning
takes,takes
final,final
shape,shape
trail,trail
notes,notes
murdererrapist,murdererrapist
escape,escape
observant,observant
curious,curious
happening,happening
iskey,iskey
pagalpan,pagalpan
key,key
dramey,dramey
mein,mein
hum,hum
sab,sab
pagal,pagal
ho,ho
jayengey,jayengey
watch,watch
vlog,vlog
attend,attend
pk,pk
totally,totally
ridiculous,ridiculous
slap,slap
am,am
blind,blind
demand,demand
highest,highest
country,country
barrister,barrister
h,h
niazi,niazi
isf,isf
breaks,breaks
possible,possible
outcomes,outcomes
12,12
whatever,whatever
within,within
land,land
classical,classical
era,era
lunatic,lunatic
hypocrites,hypocrites
extent,extent
want,want
bear,bear
taken,taken
damn,damn
cut,cut
throat,throat
way,way
wicked,wicked
cunning,cunning
rapist,rapist
cancel,cancel
bail,bail
protected,protected
promoted,promoted
predicts,predicts
â€˜why,â€˜why
thereâ€™,thereâ€™
start,start
â€˜where,â€˜where
wrongâ€™,wrongâ€™
son,son
rat,rat
ğŸ‘‡ğŸ¬ğŸ‘‡,ğŸ‘‡ğŸ¬ğŸ‘‡
unable,unable
â¤ï¸,â¤ï¸
feet,feet
later,later
wheelchair,wheelchair
wish,wish
tight,tight
gone,gone
relevant,relevant
vs,vs
image,image
drenched,drenched
wouldnâ€™t,wouldnâ€™t
yelling,yelling
screaming,screaming
character,character
reminder,reminder
darinda,darinda
confessed,confessed
murdering,murdering
sink,sink
thank,thank
sir,sir
kazi,kazi
backspace,backspace
experts,experts
getaway,getaway
gonna,gonna
dark,dark
Ø¢Ú¯Ø±,Ø¢Ú¯Ø±
ÛŒÛ,ÛŒÛ
ÙˆØ­Ø´ÛŒ,ÙˆØ­Ø´ÛŒ
Ø¯Ø±Ù†Ø¯Û,Ø¯Ø±Ù†Ø¯Û
Ø³Ø²Ø§,Ø³Ø²Ø§
Ù…ÙˆØª,Ù…ÙˆØª
Ø³Û’,Ø³Û’
Ø¨Ú†,Ø¨Ú†
Ú¯ÛŒØ§,Ú¯ÛŒØ§
ØªÙˆ,ØªÙˆ
Û”Û”Û”Û”Û”,Û”Û”Û”Û”Û”
someone,someone
urself,urself
fraud,fraud
doing,doing
adiyala,adiyala
â€˜fully,â€˜fully
atta,atta
rabbani,rabbani
willing,willing
resorted,resorted
bringing,bringing
handcuffed,handcuffed
chief,chief
brand,brand
strategist,strategist
ahmed,ahmed
company,company
pvt,pvt
ltd,ltd
former,former
therapist,therapist
pretends,pretends
dupe,dupe
uncontrollable,uncontrollable
cause,cause
mayhem,mayhem
chained,chained
pinned,pinned
darn,darn
lock,lock
creulty,creulty
declamation,declamation
investigative,investigative
touch,touch
mother,mother
phone,phone
illfated,illfated
detail,detail
record,record
spoke,spoke
668,668
seconds,seconds
lets,lets
imagine,imagine
acquitted,acquitted
noormukadams,noormukadams
leading,leading
haunted,haunted
deeds,deeds
accept,accept
27yearold,27yearold
july,july
fatherduring,fatherduring
barbaric,barbaric
â€œyouâ€™ve,â€œyouâ€™ve
served,served
ambassador,ambassador
keeping,keeping
mind,mind
permissible,permissible
association,association
without,without
formal,formal
relationshipâ€,relationshipâ€
ok,ok
youve,youve
relationship,relationship
youre,youre
allowed,allowed
soul,soul
nuts,nuts
example,example
faking,faking
agst,agst
meditated,meditated
contends,contends
worsened,worsened
tahir,tahir
zahoor,zahoor
coaccused,coaccused
tells,tells
Ú©ØªÛŒ,Ú©ØªÛŒ
Ú†ÙˆØ±Ø§Úº,Ú†ÙˆØ±Ø§Úº
Ù†Ø§Ù„,Ù†Ø§Ù„
pakistanis,pakistanis
option,option
citizenship,citizenship
exchange,exchange
fatima,fatima
institutions,institutions
departments,departments
retard,retard
thatâ€™s,thatâ€™s
ranked,ranked
130,130
139,139
failed,failed
stateğŸ’”,stateğŸ’”
literally,literally
dramaebaziii,dramaebaziii
casehang,casehang
insane,insane
individual,individual
assisting,assisting
different,different
threat,threat
barbarian,barbarian
eventually,eventually
sentenced,sentenced
ive,ive
run,run
mine,mine
emotional,emotional
intervened,intervened
marriage,marriage
unlike,unlike
defending,defending
state,state
force,force
immoral,immoral
londi,londi
powerfuls,powerfuls
surprise,surprise
twisted,twisted
per,per
wishes,wishes
culprits,culprits
powerful,powerful
ways,ways
whereas,whereas
goes,goes
commit,commit
Ø§Ù†Ø¯Ú¾ÛŒØ±Ù†Ú¯Ø±ÛŒ,Ø§Ù†Ø¯Ú¾ÛŒØ±Ù†Ú¯Ø±ÛŒ
Ú†ÙˆÙ¾Ù¹,Ú†ÙˆÙ¾Ù¹
Ø±Ø§Ø¬,Ø±Ø§Ø¬
perfect,perfect
forgotten,forgotten
judgement,judgement
hadayah,hadayah
truly,truly
followed,followed
envisage,envisage
dragging,dragging
human,human
creation,creation
mothers,mothers
ÙˆØ§Ø±Ø«ÙÙ…Ø³Ù†Ø¯ÙÙˆÙ„Ø§ÛŒØª,ÙˆØ§Ø±Ø«ÙÙ…Ø³Ù†Ø¯ÙÙˆÙ„Ø§ÛŒØª
however,however
fooled,fooled
games,games
exposed,exposed
limit,limit
Ù†ÛØµØ§ÙÚ†Ù„ÛŒÙ†ÛØ´ÙØ§ÙÚ†Ù„ÛŒ,Ù†ÛØµØ§ÙÚ†Ù„ÛŒÙ†ÛØ´ÙØ§ÙÚ†Ù„ÛŒ
understand,understand
defend,defend
gmsoomro,gmsoomro
81,81
mmalik,mmalik
omg,omg
funeral,funeral
band,band
music,music
progressing,progressing
ignorance,ignorance
ÙÛŒØ±,ÙÛŒØ±
Ú©ÛŒÛÙ†Ø¯Û’,Ú©ÛŒÛÙ†Ø¯Û’
Ù†ÛŒÚº,Ù†ÛŒÚº
Ø¨ÙˆÙ¹Ø§,Ø¨ÙˆÙ¹Ø§
Ú¯Ø§Ù„Ø§Úº,Ú¯Ø§Ù„Ø§Úº
Ú©Úˆ,Ú©Úˆ
Ø¯Ø§,Ø¯Ø§
judges,judges
therefore,therefore
severely,severely
learn,learn
lesson,lesson
evidences,evidences
forensics,forensics
apny,apny
inna,inna
lillah,lillah
parh,parh
laini,laini
chahiye,chahiye
lux,lux
awards,awards
2022,2022
award,award
blinds,blinds
womendharna,womendharna
friday,friday
peace,peace
hadiath,hadiath
jaffersno,jaffersno
fabricate,fabricate
badly,badly
exposedalready,exposedalready
vibe,vibe
angry,angry
question,question
link,link
source,source
ğŸ‘‡ğŸ½,ğŸ‘‡ğŸ½
wts,wts
shirt,shirt
wearing,wearing
joke,joke
dispicable,dispicable
behaviour,behaviour
grownass,grownass
ps,ps
laid,laid
stretcherbed,stretcherbed
havenâ€™t,havenâ€™t
wtf,wtf
rotten,rotten
nauseating,nauseating
unfit,unfit
aint,aint
crankytypical,crankytypical
ğŸ­ğŸ­,ğŸ­ğŸ­
twists,twists
worsening,worsening
unjustly,unjustly
evidence,evidence
mobile,mobile
found,found
scene,scene
belongs,belongs
delaying,delaying
disorder,disorder
suspicious,suspicious
looking,looking
darkness,darkness
session,session
lanatğŸ–ğŸ¼advocates,lanatğŸ–ğŸ¼advocates
prove,prove
huss,huss
chalo,chalo
gtÂ£ltgtlt,gtÂ£ltgtlt
insert,insert
gaali,gaali
choice,choice
khare,khare
hojao,hojao
ğŸ˜¡ğŸ˜¡,ğŸ˜¡ğŸ˜¡
questionable,questionable
open,open
shut,shut
dragged,dragged
intentionally,intentionally
protect,protect
culprit,culprit
pm,pm
once,once
personally,personally
rizvii,rizvii
wheel,wheel
lows,lows
achieving,achieving
hes,hes
iâ€™m,iâ€™m
upcoming,upcoming
pic,pic
alone,alone
unveils,unveils
wants,wants
accordingly,accordingly
affairs,affairs
political,political
successfully,successfully
proved,proved
bitches,bitches
riches,riches
indeed,indeed
rule,rule
burden,burden
proof,proof
lie,lie
prosecutors,prosecutors
sanity,sanity
welcoming,welcoming
sign,sign
chit,chit
hiccup,hiccup
sikander,sikander
spent,spent
bechara,bechara
client,client
rest,rest
flinging,flinging
mud,mud
front,front
jaisa,jaisa
waisahi,waisahi
simple,simple
predicted,predicted
earlier,earlier
ambulance,ambulance
challenge,challenge
usman,usman
mirzas,mirzas
ensure,ensure
q,q
find,find
commons,commons
among,among
elaborate,elaborate
findings,findings
help,help
pictures,pictures
venn,venn
diagrams,diagrams
audio,audio
anyway,anyway
infirmity,infirmity
especially,especially
due,due
enablers,enablers
service,service
material,material
testimonies,testimonies
swift,swift
culminate,culminate
severest,severest
penalties,penalties
multiplicity,multiplicity
brutality,brutality
shown,shown
brutal,brutal
men,men
honor,honor
carried,carried
policemen,policemen
bakshi,bakshi
khana,khana
during,during
proven,proven
ğŸ–ğŸ¼ğŸ–ğŸ¼,ğŸ–ğŸ¼ğŸ–ğŸ¼
Ú©Ù†ÙØ±Ù…,Ú©Ù†ÙØ±Ù…
Ù„Ø¹Ù†ØªÛŒğŸ–ğŸ¼ğŸ–ğŸ¼,Ù„Ø¹Ù†ØªÛŒğŸ–ğŸ¼ğŸ–ğŸ¼
dramaybaaz,dramaybaaz
phansi,phansi
isko,isko
bstardâ€™s,bstardâ€™s
slightly,slightly
saner,saner
scum,scum
filth,filth
earth,earth
denied,denied
providing,providing
ease,ease
murders,murders
prolonging,prolonging
period,period
development,development
cites,cites
deteriorating,deteriorating
celebrities,celebrities
ws,ws
latest,latest
footage,footage
victimblaming,victimblaming
victimshaming,victimshaming
policing,policing
business,business
alhumdullilah,alhumdullilah
although,although
becomes,becomes
minister,minister
honourable,honourable
shenanigans,shenanigans
played,played
acceptable,acceptable
chop,chop
try,try
relax,relax
murderous,murderous
assuring,assuring
cleaning,cleaning
mess,mess
malikk,malikk
continues,continues
photo,photo
op,op
season,season
4,4
premiering,premiering
correction,correction
incompetent,incompetent
despicable,despicable
jo,jo
thorey,thorey
dare,dare
phlay,phlay
beth,beth
b,b
nhn,nhn
sktay,sktay
bemary,bemary
sy,sy
ab,ab
full,full
speed,speed
ma,ma
bhagtay,bhagtay
hueğŸ¤£ğŸ¤£ğŸ¤£,hueğŸ¤£ğŸ¤£ğŸ¤£
quick,quick
flashback,flashback
focus,focus
concluding,concluding
prolong,prolong
losing,losing
battle,battle
sooner,sooner
nh,nh
elite,elite
facilitation,facilitation
lowest,lowest
props,props
involved,involved
clownery,clownery
books,books
sympathies,sympathies
ğŸ‡µğŸ‡°,ğŸ‡µğŸ‡°
inshaâ€™allah,inshaâ€™allah
shows,shows
dwindling,dwindling
fiasco,fiasco
card,card
advised,advised
legal,legal
bad,bad
caseit,caseit
send,send
noose,noose
lady,lady
pity,pity
institution,institution
qadmon,qadmon
se,se
pe,pe
kya,kya
presented,presented
stable,stable
dramabaaz,dramabaaz
climax,climax
reached,reached
role,role
practicing,practicing
freshly,freshly
washed,washed
matlab,matlab
kay,kay
kuch,kuch
pharoon,pharoon
smile,smile
facen,facen
unfortunate,unfortunate
protocols,protocols
protest,protest
context,context
justified,justified
ruining,ruining
credit,credit
nowhe,nowhe
big,big
companys,companys
management,management
therapistso,therapistso
connivingextremely,connivingextremely
dangerous,dangerous
killera,killera
hazard,hazard
status,status
two,two
thiskeep,thiskeep
raising,raising
ur,ur
baz,baz
soonâ™¥ï¸,soonâ™¥ï¸
verdict,verdict
longer,longer
loopholes,loopholes
âš–ï¸,âš–ï¸
branded,branded
clothes,clothes
wah,wah
yar,yar
elahi9,elahi9
countrys,countrys
toâ€¦rot,toâ€¦rot
killing,killing
trusted,trusted
characterless,characterless
low,low
behead,behead
dumb,dumb
legally,legally
sane,sane
doesnâ€™t,doesnâ€™t
justify,justify
killedwhat,killedwhat
foolish,foolish
argument,argument
lawyerğŸ˜¡ğŸ˜¡,lawyerğŸ˜¡ğŸ˜¡
tweeting,tweeting
friends,friends
wellhope,wellhope
exposing,exposing
helping,helping
podcastspaces,podcastspaces
shameful,shameful
bastards,bastards
azmat,azmat
justin,justin
pakistancriminals,pakistancriminals
sadly,sadly
repetition,repetition
practice,practice
promises,promises
made,made
awayğŸ™,awayğŸ™
dnt,dnt
enjoying,enjoying
vvip,vvip
jailwe,jailwe
itfull,itfull
rishwat,rishwat
tamashe,tamashe
ha,ha
reporting,reporting
ity,ity
khamoshi,khamoshi
adhy,adhy
razamandi,razamandi
smjhy,smjhy
jatay,jatay
hnwake,hnwake
standing,standing
beside,beside
mrmukaddam,mrmukaddam
shouldnt,shouldnt
biased,biased
coz,coz
influence,influence
fair,fair
single,single
rots,rots
dares,dares
play,play
those,those
co,co
fam,fam
teams,teams
eff,eff
trending,trending
desperate,desperate
awam,awam
stands,stands
including,including
psychic,psychic
disorderplayed,disorderplayed
provided,provided
relief,relief
inspite,inspite
himcompany,himcompany
accusers,accusers
arrestedcases,arrestedcases
absconding,absconding
instead,instead
couldnt,couldnt
barking,barking
orders,orders
milna,milna
whilst,whilst
sound,sound
govt,govt
three,three
move,move
anything,anything
uptil,uptil
lame,lame
both,both
wrath,wrath
begins,begins
stress,stress
duas,duas
â€˜oscar,â€˜oscar
performanceâ€™,performanceâ€™
impress,impress
provide,provide
escaping,escaping
humans,humans
easy,easy
regret,regret
chairs,chairs
khatam,khatam
gyeen,gyeen
stunt,stunt
sin,sin
daily,daily
mariam,mariam
missed,missed
wonâ€™t,wonâ€™t
loves,loves
comfort,comfort
sees,sees
ğŸ’—,ğŸ’—
wanted,wanted
blame,blame
mariamâ€™s,mariamâ€™s
boyfriend,boyfriend
inaction,inaction
kidnapped,kidnapped
ultimately,ultimately
suspects,suspects
fault,fault
community,community
profoundly,profoundly
affected,affected
7,7
old,old
sarfaraz,sarfaraz
alizai,alizai
shah,shah
m,m
nawakilli,nawakilli
quetta,quetta
sho,sho
jameel,jameel
kakar,kakar
arrested,arrested
child,child
request,request
dog,dog
bullshit,bullshit
sex,sex
abuse,abuse
petition,petition
forced,forced
familys,familys
prison,prison
sue,sue
friend,friend
walaa,walaa
story,story
facebook,facebook
Ù…Ø±ÙŠÙ…ÙˆÙŠÙ†,Ù…Ø±ÙŠÙ…ÙˆÙŠÙ†
Ø§Ù„Ø¹Ø¯Ø§Ù„Ø©Ù„Ù…Ø±ÙŠÙ…,Ø§Ù„Ø¹Ø¯Ø§Ù„Ø©Ù„Ù…Ø±ÙŠÙ…
confession,confession
named,named
amina,amina
mombasa,mombasa
step,step
suffocating,suffocating
share,share
widely,widely
pictured,pictured
alleged,alleged
told,told
happy,happy
promised,promised
peaceâ¤ï¸,peaceâ¤ï¸
Ø­Ù‚Ù…Ø±ÙŠÙ…Ù„Ù†ÙŠØ¶ÙŠØ¹,Ø­Ù‚Ù…Ø±ÙŠÙ…Ù„Ù†ÙŠØ¶ÙŠØ¹
sexual,sexual
sexually,sexually
rape,rape
pedophilia,pedophilia
pedophile,pedophile
pedophiles,pedophiles
exploitation,exploitation
evelyn,evelyn
donate,donate
hello,hello
spend,spend
second,second
circle,circle
kid,kid
school,school
theyâ€™re,theyâ€™re
teachers,teachers
broken,broken
childrenâ€™s,childrenâ€™s
practitioner,practitioner
hardly,hardly
explaining,explaining
sister,sister
wife,wife
tandatangani,tandatangani
petisi,petisi
lewat,lewat
id,id
basically,basically
brazil,brazil
decided,decided
couldnâ€™t,couldnâ€™t
sexy,sexy
photos,photos
online,online
serious,serious
shattered,shattered
victims,victims
perpetrators,perpetrators
rot,rot
victory,victory
4year,4year
germany,germany
bio,bio
okay,okay
religion,religion
maryada,maryada
purushwuttam,purushwuttam
01,01
21,21
form,form
environment,environment
supposed,supposed
sickened,sickened
planned,planned
conducted,conducted
consider,consider
enrages,enrages
dismissed,dismissed
noona05,noona05
trigger,trigger
warning,warning
rarely,rarely
speak,speak
non,non
private,private
acc,acc
sickening,sickening
celebrate,celebrate
yrs,yrs
dec,dec
5th,5th
baby,baby
drops,drops
listening,listening
four,four
sheâ€™s,sheâ€™s
teacher,teacher
locked,locked
tortured,tortured
breathe,breathe
shit,shit
twrape,twrape
boggling,boggling
âš ï¸,âš ï¸
sorry,sorry
triggers,triggers
iâ€™d,iâ€™d
myself,myself
forever,forever
graphic,graphic
heard,heard
imploring,imploring
accounts,accounts
extremely,extremely
disturbing,disturbing
week,week
responsible,responsible
astaghfirullahalazim,astaghfirullahalazim
ğŸ˜”,ğŸ˜”
healing,healing
lead,lead
dunia,dunia
akhirat,akhirat
violate,violate
inhuman,inhuman
india,india
words,words
describe,describe
draconian,draconian
horrid,horrid
children,children
schools,schools
babies,babies
4yo,4yo
kids,kids
concept,concept
original,original
kindergarten,kindergarten
koblenz,koblenz
quickly,quickly
spread,spread
fbma,fbma
scary,scary
stomachi,stomachi
whole,whole
yall,yall
signing,signing
aemon,aemon
uk,uk
yay,yay
normalize,normalize
ten,ten
minute,minute
clip,clip
feeling,feeling
rage,rage
disgust,disgust
ban,ban
heartbroken,heartbroken
thing,thing
heartbreaking,heartbreaking
sexul,sexul
worried,worried
childs,childs
safety,safety
wellbeing,wellbeing
nightmare,nightmare
ğŸ’œ,ğŸ’œ
hindi,hindi
tao,tao
yung,yung
gawa,gawa
nito,nito
nakakasuka,nakakasuka
ğŸ¤®ğŸ¤®ğŸ¤®,ğŸ¤®ğŸ¤®ğŸ¤®
details,details
included,included
arenâ€™t,arenâ€™t
wth,wth
idk,idk
overcome,overcome
Ã¡ltal,Ã¡ltal
courage,courage
talk,talk
itwow,itwow
yâ€™all,yâ€™all
maryam,maryam
happen,happen
authorityâ€™s,authorityâ€™s
dropped,dropped
cw,cw
hashtags,hashtags
violently,violently
triggering,triggering
hearingreading,hearingreading
sends,sends
fiber,fiber
comprehend,comprehend
capable,capable
committing,committing
horrific,horrific
acts,acts
esp,esp
4yearold,4yearold
jen0,jen0
nowadays,nowadays
aches,aches
kifarahkarma,kifarahkarma
geini,geini
oomfs,oomfs
youâ€™re,youâ€™re
heartless,heartless
helpless,helpless
naive,naive
urge,urge
evilest,evilest
equal,equal
belong,belong
causing,causing
trend,trend
hi,hi
miriam,miriam
deserved,deserved
hey,hey
awareness,awareness
mum,mum
describing,describing
nakaka,nakaka
awa,awa
si,si
ang,ang
nanay,nanay
nya,nya
yearold,yearold
info,info
saeed,saeed
isolated,isolated
happens,happens
ounce,ounce
petitionshare,petitionshare
w,w
inâ€™shaâ€™allah,inâ€™shaâ€™allah
jesus,jesus
howa,howa
ezay,ezay
fe,fe
nas,nas
keda,keda
begad,begad
eh,eh
el,el
khara,khara
da,da
raping,raping
mesh,mesh
mesada2a,mesada2a
basma3o,basma3o
broke,broke
contribute,contribute
upset,upset
humanity,humanity
letting,letting
slide,slide
unimaginable,unimaginable
horrendous,horrendous
ge,ge
follows,follows
retweet,retweet
painful,painful
feels,feels
nasar,nasar
bro,bro
nursery,nursery
tears,tears
eyes,eyes
irrelevant,irrelevant
post,post
attain,attain
hasnt,hasnt
xin,xin
21st,21st
century,century
jahiliyyah,jahiliyyah
bitch,bitch
burnt,burnt
prepatrators,prepatrators
gets,gets
theyve,theyve
inflicted,inflicted
tenfold,tenfold
condolences,condolences
befall,befall
none,none
idc,idc
fandoms,fandoms
beings,beings
reunite,reunite
voices,voices
listened,listened
pdophelia,pdophelia
sx,sx
holy,holy
thread,thread
apparently,apparently
20,20
â€œgod,â€œgod
formâ€,formâ€
chest,chest
felt,felt
heavy,heavy
thisâ€¼ï¸,thisâ€¼ï¸
female,female
fouryear,fouryear
35,35
grown,grown
assisted,assisted
theu,theu
drugged,drugged
penetrated,penetrated
rear,rear
mouth,mouth
either,either
toys,toys
penis,penis
horrifying,horrifying
astaghfirullah,astaghfirullah
ğŸ˜­ğŸ’”,ğŸ˜­ğŸ’”
honestly,honestly
crying,crying
cruel,cruel
heartbreakingğŸ’”,heartbreakingğŸ’”
inhumane,inhumane
destroyed,destroyed
harm,harm
dick,dick
type,type
allahuğŸ˜­ğŸ˜­,allahuğŸ˜­ğŸ˜­
sadğŸ˜¢,sadğŸ˜¢
ya,ya
ğŸ˜­ğŸ˜­ğŸ˜­ğŸ˜­ğŸ˜­,ğŸ˜­ğŸ˜­ğŸ˜­ğŸ˜­ğŸ˜­
ugly,ugly
worst,worst
re,re
whatsoever,whatsoever
nonono,nonono
aggravating,aggravating
ğŸ˜¥ğŸ˜¥ğŸ˜¥ğŸ˜¥,ğŸ˜¥ğŸ˜¥ğŸ˜¥ğŸ˜¥
Â¡firma,Â¡firma
la,la
peticiÃ³n,peticiÃ³n
vÃ­a,vÃ­a
es,es
â—â—â—â—â—â—â—â—â—â—â—â—,â—â—â—â—â—â—â—â—â—â—â—â—
worse,worse
ğŸ˜£,ğŸ˜£
minutes,minutes
below,below
pain,pain
pieces,pieces
motherâ€™s,motherâ€™s
signatures,signatures
international,international
pressure,pressure
poluce,poluce
reopen,reopen
investigate,investigate
fcked,fcked
â–¶ï¸,â–¶ï¸
attached,attached
ğŸ™ğŸ½,ğŸ™ğŸ½
5,5
daycare,daycare
employees,employees
german,german
closed,closed
evidenceğŸ™„,evidenceğŸ™„
american,american
british,british
wouldve,wouldve
crashed,crashed
abuseâ€,abuseâ€
attire,attire
utterly,utterly
demons,demons
walking,walking
articulate,articulate
stomach,stomach
heals,heals
mortifying,mortifying
prin,prin
potato,potato
unacceptable,unacceptable
md,md
nauzubillah,nauzubillah
sickos,sickos
word,word
allahuakhbar,allahuakhbar
peaceful,peaceful
ğŸ˜­ğŸ˜­ğŸ˜­,ğŸ˜­ğŸ˜­ğŸ˜­
mashaa,mashaa
heal,heal
realplease,realplease
pawar,pawar
subjected,subjected
treated,treated
horrible,horrible
tired,tired
Ø¹Ø¨Ø±,Ø¹Ø¨Ø±
explain,explain
hard,hard
animals,animals
firma,firma
petizione,petizione
saddest,saddest
shaking,shaking
ignore,ignore
everywhere,everywhere
allahuakbar,allahuakbar
ğŸ¤²ğŸ»âœ¨,ğŸ¤²ğŸ»âœ¨
reped,reped
information,information
dailyâ¤,dailyâ¤
oxygen,oxygen
thieves,thieves
suffer,suffer
fates,fates
yo,yo
nobody,nobody
shld,shld
lifelong,lifelong
adults,adults
ought,ought
disguise,disguise
anger,anger
ğŸ‘‡ğŸ»ğŸ™ğŸ»,ğŸ‘‡ğŸ»ğŸ™ğŸ»
sentencing,sentencing
predators,predators
lightly,lightly
persecuted,persecuted
imma,imma
seriously,seriously
mad,mad
smth,smth
mariiam,mariiam
kinda,kinda
sake,sake
wake,wake
based,based
ethnicity,ethnicity
racial,racial
background,background
wra,wra
sa,sa
bc,bc
dreadful,dreadful
violent,violent
lack,lack
talking,talking
offenders,offenders
jailed,jailed
csa,csa
begging,begging
detailsthis,detailsthis
gt,gt
allahu,allahu
breaking,breaking
barley,barley
terrifying,terrifying
itâ€™ll,itâ€™ll
ğŸŒ¸,ğŸŒ¸
â—ï¸tw,â—ï¸tw
abuseâ—ï¸,abuseâ—ï¸
beg,beg
defiling,defiling
assaulted,assaulted
entertain,entertain
recorded,recorded
guysğŸ˜­â¤ï¸,guysğŸ˜­â¤ï¸
doesnt,doesnt
loud,loud
childrens,childrens
hurting,hurting
whoever,whoever
sing,sing
ğŸ¥´,ğŸ¥´
freaking,freaking
ğŸ˜¢,ğŸ˜¢
mustafa,mustafa
mahmoud,mahmoud
fear,fear
boy,boy
fears,fears
peoples,peoples
allahğŸ™‚ğŸ‘,allahğŸ™‚ğŸ‘
ğŸ’”ğŸ¤¦ğŸ¼â€â™€ï¸,ğŸ’”ğŸ¤¦ğŸ¼â€â™€ï¸
sickk,sickk
hurts,hurts
belief,belief
astagfirullah,astagfirullah
k98,k98
saw,saw
hearts,hearts
thisâ€™s,thisâ€™s
vid,vid
half,half
precious,precious
allahuma,allahuma
amin,amin
nowğŸ’”,nowğŸ’”
rapists,rapists
publicly,publicly
motorway,motorway
gujjarpura,gujjarpura
minar,minar
e,e
symptoms,symptoms
mazari,mazari
finally,finally
talked,talked
hourget,hourget
yourself,yourself
equipped,equipped
khadijas,khadijas
attacker,attacker
released,released
early,early
mukadams,mukadams
shifa,shifa
aid,aid
facing,facing
persecution,persecution
injustice,injustice
millions,millions
echo,echo
manâ€™s,manâ€™s
somehow,somehow
justification,justification
tiktoker,tiktoker
illicit,illicit
road,road
fou2,fou2
ashemed,ashemed
whose,whose
rapeharrasment,rapeharrasment
issues,issues
ghalati,ghalati
kis,kis
ki,ki
hoti,hoti
ohhh,ohhh
wo,wo
akely,akely
gai,gai
thi,thi
andhery,andhery
maiğŸ˜¶,maiğŸ˜¶
kon,kon
jata,jata
400,400
mardon,mardon
pas,pas
larki,larki
ne,ne
pury,pury
kapry,kapry
ni,ni
phny,phny
tbhi,tbhi
hoa,hoa
ka,ka
false,false
statements,statements
message,message
undo,undo
disgrace,disgrace
doğŸ˜£ğŸ˜–,doğŸ˜£ğŸ˜–
anymore,anymore
security,security
forces,forces
leadership,leadership
islam,islam
greater,greater
reminded,reminded
wht,wht
importantly,importantly
reacting,reacting
setting,setting
list,list
infinite,infinite
ve,ve
d,d
audacity,audacity
upto,upto
mr,mr
daughters,daughters
humane,humane
attention,attention
amplified,amplified
spate,spate
2020â€™s,2020â€™s
2021â€™s,2021â€™s
realized,realized
sahib,sahib
welfare,welfare
assailant,assailant
arrest,arrest
wild,wild
obviously,obviously
days,days
cost,cost
forgetting,forgetting
rights,rights
thier,thier
responsibilitiesand,responsibilitiesand
tweets,tweets
chopped,chopped
station,station
Ø¬Ù†Ø³ÛŒØ¯Ø±Ù†Ø¯Û’Ú©ÙˆØ³Ø±Ø¹Ø§Ù…Ù¾Ú¾Ø§Ù†Ø³ÛŒØ¯Ùˆ,Ø¬Ù†Ø³ÛŒØ¯Ø±Ù†Ø¯Û’Ú©ÙˆØ³Ø±Ø¹Ø§Ù…Ù¾Ú¾Ø§Ù†Ø³ÛŒØ¯Ùˆ
result,result
0,0
results,results
hmabko,hmabko
pta,pta
lanat,lanat
hmari,hmari
gandi,gandi
soch,soch
py,py
nam,nam
pak,pak
broad,broad
daylight,daylight
fking,fking
hours,hours
arrive,arrive
kitna,kitna
giro,giro
gy,gy
jahanumi,jahanumi
blamed,blamed
laws,laws
enforcement,enforcement
agencies,agencies
releasing,releasing
accusedguilty,accusedguilty
rapistsinpublic,rapistsinpublic
cringeworthy,cringeworthy
shudder,shudder
ğŸ“¸,ğŸ“¸
sd,sd
deterrence,deterrence
less,less
3,3
convicted,convicted
werent,werent
witnesses,witnesses
enjoyed,enjoyed
interview,interview
reasons,reasons
specifically,specifically
home,home
ğŸ™ŒğŸ¾,ğŸ™ŒğŸ¾
instance,instance
building,building
using,using
meansğŸ’¯,meansğŸ’¯
solution,solution
believed,believed
condemned,condemned
remarks,remarks
ccpo,ccpo
lahore,lahore
culture,culture
husband,husband
pattoki,pattoki
pointing,pointing
beliy,beliy
making,making
stories,stories
became,became
highlighted,highlighted
solved,solved
tospeak,tospeak
jesy,jesy
kayi,kayi
sirf,sirf
krny,krny
waja,waja
highlight,highlight
solve,solve
huy,huy
discourage,discourage
kiani,kiani
unsafe,unsafe
ladies,ladies
empty,empty
petrol,petrol
tank,tank
inviting,inviting
appearance,appearance
marital,marital
mobility,mobility
vicinity,vicinity
proximity,proximity
ure,ure
reminding,reminding
rapes,rapes
arent,arent
controlled,controlled
negative,negative
coverage,coverage
trials,trials
bhai,bhai
glorifying,glorifying
cigarettes,cigarettes
bcz,bcz
kills,kills
rapesğŸ˜©,rapesğŸ˜©
terrorized,terrorized
write,write
data,data
speaks,speaks
volume,volume
names,names
discussion,discussion
rejectdomesticviolencebill2021,rejectdomesticviolencebill2021
reply,reply
lips,lips
fingers,fingers
sealed,sealed
suggestion,suggestion
cms,cms
decades,decades
anti,anti
terrorism,terrorism
wings,wings
efficient,efficient
officers,officers
posted,posted
evolved,evolved
extensive,extensive
13,13
waseem,waseem
phulpoto,phulpoto
senior,senior
civil,civil
assistant,assistant
highlights,highlights
recently,recently
promulgated,promulgated
antirape,antirape
legislation,legislation
advice,advice
mullahs,mullahs
members,members
respected,respected
â€˜rapist,â€˜rapist
kaam,kaam
krna,krna
krega,krega
kyu,kyu
apni,apni
hifzat,hifzat
rahiâ€™,rahiâ€™
guilt,guilt
france,france
madina,madina
aggression,aggression
cure,cure
beasts,beasts
version,version
betrayed,betrayed
â¦â©,â¦â©
â¦â¦â©,â¦â¦â©
despise,despise
fire,fire
job,job
arresting,arresting
kinds,kinds
activities,activities
high,high
appropriate,appropriate
zunishah,zunishah
archive,archive
mukhtar,mukhtar
mai,mai
shocked,shocked
pervezmusharraf,pervezmusharraf
comments,comments
2005,2005
reference,reference
mubasher,mubasher
lucman,lucman
hounded,hounded
letter,letter
mubashir,mubashir
critique,critique
womansensitive,womansensitive
perspective,perspective
asifa,asifa
quraishi,quraishi
ğŸ‘‡cc,ğŸ‘‡cc
maliki,maliki
jurist,jurist
held,held
actions,actions
deemed,deemed
hiraba,hiraba
qazi,qazi
abu,abu
bakr,bakr
ibn,ibn
arabi,arabi
relates,relates
group,group
attacked,attacked
party,party
cont,cont
responding,responding
constitute,constitute
weapons,weapons
c3,c3
thorough,thorough
impartial,impartial
stoning,stoning
crucifixion,crucifixion
ğŸ‘‰,ğŸ‘‰
castration,castration
pakistanâ€™s,pakistanâ€™s
constitution,constitution
anybody,anybody
haraam,haraam
c2,c2
ilaj,ilaj
stronger,stronger
male,male
colleagues,colleagues
horrors,horrors
laughing,laughing
akku,akku
chennai,chennai
rapednext,rapednext
trends,trends
useless,useless
keyboard,keyboard
warrior,warrior
sisters,sisters
motorwaycase,motorwaycase
awaits,awaits
justiceits,justiceits
unless,unless
punishments,punishments
evident,evident
power,power
opinionmaking,opinionmaking
violated,violated
agreed,agreed
calling,calling
draw,draw
gang,gang
gujarpura,gujarpura
area,area
org,org
armed,armed
robbers,robbers
caught,caught
camera,camera
leave,leave
house,house
several,several
cars,cars
buses,buses
collided,collided
nearby,nearby
crops,crops
smoke,smoke
covered,covered
visibility,visibility
womenchildren,womenchildren
expect,expect
ÙŠÙˆÙ…Ø§Ù„Ø¬Ù…Ø¹Ø©,ÙŠÙˆÙ…Ø§Ù„Ø¬Ù…Ø¹Ø©
Ø¬Ù…Ø¹Ø©Ù…Ø¨Ø§Ø±ÙƒØ©,Ø¬Ù…Ø¹Ø©Ù…Ø¨Ø§Ø±ÙƒØ©
umer,umer
sheikh,sheikh
laden,laden
jewels,jewels
travel,travel
yemen,yemen
ajam,ajam
grief,grief
hazrat,hazrat
umar,umar
khattab,khattab
sit,sit
allow,allow
dears,dears
yourselfno,yourselfno
younor,younor
else,else
bcuz,bcuz
oppressed,oppressed
personnel,personnel
adeel,adeel
met,met
fateful,fateful
accident,accident
succumbed,succumbed
injuries,injuries
designedlets,designedlets
immediate,immediate
removal,removal
speaking,speaking
todayâ€™s,todayâ€™s
â˜¹ï¸,â˜¹ï¸
nhampmp,nhampmp
hit,hit
speeding,speeding
car,car
tried,tried
site,site
shifted,shifted
reading,reading
peshawar,peshawar
sustained,sustained
acquit,acquit
independent,independent
judiciaryğŸ™,judiciaryğŸ™
left,left
abid,abid
ali,ali
2013,2013
roams,roams
freely,freely
junaid,junaid
hafeez,hafeez
bright,bright
scholar,scholar
blasphemy,blasphemy
sentencesolitary,sentencesolitary
confinement,confinement
protects,protects
ayeshanavid,ayeshanavid
answerable,answerable
voters,voters
jawab,jawab
robbed,robbed
rkhar,rkhar
servedeventually,servedeventually
privacy,privacy
logic,logic
feminism,feminism
programing,programing
ØºØ¯Ø§Ø±Ø§ÙˆØ±Ù†Ù…Ú©Ø­Ø±Ø§Ù…Ù†ÙˆØ§Ø²Ø´Ø±ÛŒÙ,ØºØ¯Ø§Ø±Ø§ÙˆØ±Ù†Ù…Ú©Ø­Ø±Ø§Ù…Ù†ÙˆØ§Ø²Ø´Ø±ÛŒÙ
shocking,shocking
protector,protector
apologist,apologist
Ø³ÛŒ,Ø³ÛŒ
Ù¾ÛŒ,Ù¾ÛŒ
Ø§Ùˆ,Ø§Ùˆ
Ù†Û’,Ù†Û’
Ø§ÙØ³ÙˆØ³Ù†Ø§Ú©,Ø§ÙØ³ÙˆØ³Ù†Ø§Ú©
Ø¨ÛŒØ§Ù†,Ø¨ÛŒØ§Ù†
Ø¯ÛŒØ§Û”,Ø¯ÛŒØ§Û”
videoğŸ‘‡ğŸ»,videoğŸ‘‡ğŸ»
youtube,youtube
ğŸ””,ğŸ””
faeza,faeza
â€”â€¢,â€”â€¢
apologize,apologize
parent,parent
train,train
selfdefence,selfdefence
jungle,jungle
cuz,cuz
pyaro,pyaro
hifazat,hifazat
khud,khud
kijiye,kijiye
abubakar30,abubakar30
â€œask,â€œask
serving,serving
almost,almost
inevitably,inevitably
deduce,deduce
womenâ€,womenâ€
soraya,soraya
chemaly,chemaly
ğŸ˜‚ğŸ˜‚,ğŸ˜‚ğŸ˜‚
jobs,jobs
nab,nab
salary,salary
25000,25000
85000,85000
pkr,pkr
month,month
vacancies,vacancies
control,control
cashier,cashier
stenographer,stenographer
udc,udc
drivers,drivers
education,education
bsc,bsc
ba,ba
fsc,fsc
ics,ics
apply,apply
urztype,urztype
teach,teach
youll,youll
file,file
rare,rare
situation,situation
self,self
steps,steps
females,females
looting,looting
equipment,equipment
includes,includes
stun,stun
guns,guns
tasers,tasers
pepper,pepper
spray,spray
insensitive,insensitive
resonates,resonates
umarshaikh,umarshaikh
aftermath,aftermath
mindset,mindset
normalizes,normalizes
reprehensible,reprehensible
youâ€™ll,youâ€™ll
twice,twice
correlate,correlate
officials,officials
black,black
sheep,sheep
department,department
Ù¾Ù†Ø¬Ø§Ø¨Ù¾ÙˆÙ„ÛŒØ³Ú©ÙˆÙ„Ú¯Ø§Ù…Ø¯Ùˆ,Ù¾Ù†Ø¬Ø§Ø¨Ù¾ÙˆÙ„ÛŒØ³Ú©ÙˆÙ„Ú¯Ø§Ù…Ø¯Ùˆ
somebody,somebody
dac,dac
sahab,sahab
tweeted,tweeted
legacy,legacy
harsh,harsh
zia,zia
faisalabad,faisalabad
arises,arises
pmln,pmln
saving,saving
failure,failure
kpk,kpk
afridi,afridi
safest,safest
track,track
xbox,xbox
series,series
x,x
restock,restock
gamestop,gamestop
target,target
buy,buy
walmart,walmart
10,10
motorcycle,motorcycle
helmets,helmets
top,top
rated,rated
picks,picks
dxb,dxb
sensible,sensible
approach,approach
sensitivity,sensitivity
loosing,loosing
informative,informative
audiences,audiences
decent,decent
projects,projects
Ú©ÛØ§ÚºÛÛ’Ø±ÛŒÙ¾Ø³Ù¹Ù‚Ø§Ù†ÙˆÙ†,Ú©ÛØ§ÚºÛÛ’Ø±ÛŒÙ¾Ø³Ù¹Ù‚Ø§Ù†ÙˆÙ†
backlash,backlash
users,users
â€”,â€”
writing,writing
politicians,politicians
television,television
hosts,hosts
gig,gig
becoz,becoz
pnismnt,pnismnt
channels,channels
higher,higher
action,action
template,template
investigations,investigations
prosecutions,prosecutions
adjudications,adjudications
workable,workable
lessons,lessons
shares,shares
seven,seven
trembles,trembles
throne,throne
shakes,shakes
believer,believer
executions,executions
treat,treat
careful,careful
killers,killers
retweeting,retweeting
special,special
episode,episode
1730,1730
abducted,abducted
enthusiasts,enthusiasts
subscribe,subscribe
Ø¯Ø¨Ø§Ø¨,Ø¯Ø¨Ø§Ø¨
Ø¯Ø±Ø§Ø¬ØªÙŠØ§Ù„Ø±ÙŠØ§Ø¶,Ø¯Ø±Ø§Ø¬ØªÙŠØ§Ù„Ø±ÙŠØ§Ø¶
Ø¯Ø±Ø§Ø¬Ø§Øª,Ø¯Ø±Ø§Ø¬Ø§Øª
idea,idea
tonight,tonight
sirens,sirens
helicopter,helicopter
appreciated,appreciated
decsions,decsions
savage12,savage12
aese,aese
parhatey,parhatey
hain,hain
quran,quran
investigated,investigated
Ø·Ù„Ø¨ÛÚ©ÙˆÙ¾Ú‘Ú¾Ù†Û’Ø¯Ùˆ,Ø·Ù„Ø¨ÛÚ©ÙˆÙ¾Ú‘Ú¾Ù†Û’Ø¯Ùˆ
convicts,convicts
atc,atc
gangrape,gangrape
appeal,appeal
ordinance,ordinance
booster,booster
juncture,juncture
embrace,embrace
disparage,disparage
perpetrator,perpetrator
daily14,daily14
ranks,ranks
jannah,jannah
Ù†ÙˆØ±ÙˆØ²,Ù†ÙˆØ±ÙˆØ²
Ø§Ù†ØµØ§ÙÚ©Ø±ÙˆØ³ÛŒØ§Ø³ØªÙ†ÛÛŒÚº,Ø§Ù†ØµØ§ÙÚ©Ø±ÙˆØ³ÛŒØ§Ø³ØªÙ†ÛÛŒÚº
protest24march,protest24march
455,455
molestation,molestation
toleratedthis,toleratedthis
ğŸ˜±ğŸš’â›½ï¸,ğŸ˜±ğŸš’â›½ï¸
ashfaq,ashfaq
itni,itni
asaan,asaan
moat,moat
slow,slow
torturous,torturous
dicks,dicks
demands,demands
reform,reform
adequate,adequate
sensitisation,sensitisation
training,training
rehabilitative,rehabilitative
psychological,psychological
survivors,survivors
stunning,stunning
isl,isl
besham,besham
thakot,thakot
ğŸŒ„2020,ğŸŒ„2020
alhamdulillah,alhamdulillah
directions,directions
issued,issued
honble,honble
disbursement,disbursement
motor,motor
detailed,detailed
guidelines,guidelines
click,click
ğŸ‘‡â¬‡,ğŸ‘‡â¬‡
sigh,sigh
reliefsome,reliefsome
consolationsome,consolationsome
souls,souls
penaltythe,penaltythe
publicised,publicised
disrespect,disrespect
repuplic,repuplic
salute,salute
alhumdulillah,alhumdulillah
finallyâœŒï¸,finallyâœŒï¸
highly,highly
goyalivetv,goyalivetv
ushna,ushna
landmark,landmark
types,types
discouraged,discouraged
expecting,expecting
zainab,zainab
kot,kot
lakhpat,lakhpat
camp,camp
celebrating,celebrating
focusing,focusing
causes,causes
brabus,brabus
g700,g700
allhmdulillahfinally,allhmdulillahfinally
anticipated,anticipated
malhi,malhi
shafqat,shafqat
handed,handed
lahoresialkot,lahoresialkot
september,september
9,9
2020,2020
shockwaves,shockwaves
uphold,uphold
levels,levels
mian,mian
precedent,precedent
engage,engage
m40,m40
engines,engines
ğŸ™ğŸ»,ğŸ™ğŸ»
ekhalq,ekhalq
together,together
survivor,survivor
resignation,resignation
demonstrated,demonstrated
serve,serve
city,city
citizens,citizens
organize,organize
protests,protests
resigns,resigns
finallyğŸ‘,finallyğŸ‘
liberals,liberals
kahen,kahen
gey,gey
tf,tf
fun,fun
bet,bet
theyâ€™ll,theyâ€™ll
2010,2010
805,805
digital,digital
violation,violation
aafia,aafia
Ø¬ÛŒÙˆÛØ²Ø§Ø±ÙˆÚºØ³Ø§Ù„Ú©Ù¾ØªØ§Ù†,Ø¬ÛŒÙˆÛØ²Ø§Ø±ÙˆÚºØ³Ø§Ù„Ú©Ù¾ØªØ§Ù†
ğŸ‘‰video,ğŸ‘‰video
hence,hence
servedğŸ‘ğŸ‘,servedğŸ‘ğŸ‘
finallyğŸ‘justice,finallyğŸ‘justice
comesâ¤,comesâ¤
engaged,engaged
historic,historic
ğŸ‘ğŸ»ğŸ‘ğŸ»,ğŸ‘ğŸ»ğŸ‘ğŸ»
learnt,learnt
distance,distance
town,town
urgent,urgent
daybreak,daybreak
eases,eases
kalar,kalar
kahar,kahar
employee,employee
offers,offers
prayer,prayer
sheet,sheet
urdu,urdu
sent,sent
hellğŸ”¥,hellğŸ”¥
fromğŸ‡µğŸ‡°that,fromğŸ‡µğŸ‡°that
deathwhile,deathwhile
welcome,welcome
laurels,laurels
stern,stern
efforts,efforts
reoccur,reoccur
sentences,sentences
ammoon,ammoon
wallahi,wallahi
ğŸ˜­â™¥ï¸,ğŸ˜­â™¥ï¸
satisfied,satisfied
tbh,tbh
shzd,shzd
actual,actual
professionalğŸ‘†ğŸ‘†ğŸ‘†,professionalğŸ‘†ğŸ‘†ğŸ‘†
regular,regular
bagga,bagga
awarded,awarded
imprisonment,imprisonment
fortification,fortification
property,property
penaltyi,penaltyi
endorse,endorse
anywherethink,anywherethink
devasted,devasted
familyjustice,familyjustice
leanancy,leanancy
cater,cater
appeals,appeals
mashahallah,mashahallah
chapter,chapter
accountable,accountable
internet,internet
purpose,purpose
somewhere,somewhere
hidden,hidden
isolation,isolation
effective,effective
previously,previously
threats,threats
settlement,settlement
walked,walked
scratch,scratch
flaws,flaws
infact,infact
ills,ills
antiterrorism,antiterrorism
gangraped,gangraped
prompting,prompting
nationwide,nationwide
20032021,20032021
sazaye,sazaye
maut,maut
sunnay,sunnay
par,par
mulzim,mulzim
mallhi,mallhi
dhaaray,dhaaray
maar,maar
rona,rona
shuroo,shuroo
giya,giya
bushrak,bushrak
hears,hears
deathrascals,deathrascals
maanlia,maanlia
bacame,bacame
proud,proud
idol,idol
recover,recover
jannath,jannath
desperately,desperately
heartning,heartning
gangraping,gangraping
atlast,atlast
irfan,irfan
stoned,stoned
favorite,favorite
song,song
â€œpeachesâ€,â€œpeachesâ€
âœ”,âœ”
ibrat,ibrat
terror,terror
appreciative,appreciative
terroriset,terroriset
imprisonmentthese,imprisonmentthese
decisions,decisions
transparency,transparency
relieving,relieving
somewher,somewher
learning,learning
othersğŸŒš,othersğŸŒš
follow,follow
alhamdulilah,alhamdulilah
âœ¨,âœ¨
shareef,shareef
Ù†ÛŒØ§Ø²ÛŒÙ‚Ø¨Ø±Ù…ÛŒÚºØ³Ú©ÙˆÙ†Ú©Ø±Ùˆ,Ù†ÛŒØ§Ø²ÛŒÙ‚Ø¨Ø±Ù…ÛŒÚºØ³Ú©ÙˆÙ†Ú©Ø±Ùˆ
awaited,awaited
exemplary,exemplary
basis,basis
insufficient,insufficient
values,values
term,term
agency,agency
dynamics,dynamics
â€¢,â€¢
cameraman,cameraman
name,name
picture,picture
immediately,immediately
wash,wash
babys,babys
faced,faced
sooo,sooo
100,100
times,times
javed,javed
latif,latif
shahid,shahid
khaqan,khaqan
abbasi,abbasi
shukr,shukr
insaf,insaf
mil,mil
ğŸ˜ŒğŸ¤²,ğŸ˜ŒğŸ¤²
common,common
newsğŸ’¯,newsğŸ’¯
implement,implement
proper,proper
sharih,sharih
arshad,arshad
hussain,hussain
restored,restored
confidence,confidence
dil,dil
sukoon,sukoon
gaya,gaya
kaleje,kaleje
thandak,thandak
gyi,gyi
jatt1,jatt1
guarantee,guarantee
stability,stability
survival,survival
weirdo,weirdo
sayss,sayss
ğŸ˜Œâœ…,ğŸ˜Œâœ…
rascals,rascals
ğŸ’¯,ğŸ’¯
clear,clear
ik,ik
supporter,supporter
voter,voter
applaud,applaud
abuser,abuser
bars,bars
hats,hats
guess,guess
havent,havent
interviews,interviews
responsibly,responsibly
ensuring,ensuring
âš–,âš–
motorways,motorways
50000,50000
ihc,ihc
meant,meant
individuals,individuals
eradicate,eradicate
leason,leason
identity,identity
revealed,revealed
lums,lums
bushra,bushra
bibi,bibi
sidharth,sidharth
kohli,kohli
khilafah,khilafah
bangladesh,bangladesh
bhutto,bhutto
pandemic,pandemic
east,east
23rd,23rd
england,england
t20i,t20i
kchittar,kchittar
agr,agr
apki,apki
dictionary,dictionary
yeh,yeh
harassment,harassment
nhi,nhi
braymehrbani,braymehrbani
lay,lay
aur,aur
pichlay,pichlay
dino,dino
pgc,pgc
hua,hua
saal,saal
hota,hota
stabbed,stabbed
persons,persons
wheres,wheres
hun,hun
search,search
defaming,defaming
wrongly,wrongly
research,research
prior,prior
publication,publication
triggered,triggered
teenageri,teenageri
harassed,harassed
driving,driving
keys,keys
taser,taser
vigilant,vigilant
bestest,bestest
ğŸ™Œ,ğŸ™Œ
fainly,fainly
great,great
scared,scared
ourselves,ourselves
mirror,mirror
illusion,illusion
altered,altered
near,near
stays,stays
resize,resize
distortion,distortion
adobe,adobe
photoshop,photoshop
effects,effects
magazine,magazine
raza110,raza110
far,far
theyll,theyll
forbade,forbade
emerge,emerge
20s,20s
gap,gap
between,between
classes,classes
large,large
poors,poors
â€˜pakistan,â€˜pakistan
mansoor,mansoor
azam,azam
qaziâ€™,qaziâ€™
tv,tv
discuss,discuss
current,current
akhtarmalik,akhtarmalik
fcktards,fcktards
deservingly,deservingly
surely,surely
identify,identify
root,root
needeed,needeed
forrapists,forrapists
overwhelming,overwhelming
eased,eased
8,8
sana,sana
hashmi,hashmi
hd,hd
uncleared,uncleared
insafian,insafian
â¤ï¸âœŠ,â¤ï¸âœŠ
alhamdullilahğŸ¤,alhamdullilahğŸ¤
warmly,warmly
welcomed,welcomed
praising,praising
ex,ex
omar,omar
shaikh,shaikh
gathered,gathered
72,72
cm,cm
punjab,punjab
buzdar,buzdar
following,following
bashes,bashes
campaign,campaign
helps,helps
decrease,decrease
number,number
putting,putting
karim,karim
redraw,redraw
vector,vector
helpful,helpful
tutorial,tutorial
model,model
indictment,indictment
cope,cope
preposterous,preposterous
henious,henious
concluded,concluded
ğŸ‘ğŸ‘,ğŸ‘ğŸ‘
arya,arya
aitzaz,aitzaz
ahsan,ahsan
exclusive,exclusive
maitla,maitla
20march2021,20march2021
topics,topics
20mar21,20mar21
233005,233005
22,22
23,23
24,24
possibality,possibality
1s,1s
hv,hv
happily,happily
Ø³Ù„Ø§Ù…ÛŒØ§Ø§Ù…ÛŒØ±Ø§Ù„Ù…Ø¬Ø§ÛØ¯ÛŒÙ†,Ø³Ù„Ø§Ù…ÛŒØ§Ø§Ù…ÛŒØ±Ø§Ù„Ù…Ø¬Ø§ÛØ¯ÛŒÙ†
allhamdullilahâ¤ï¸,allhamdullilahâ¤ï¸
casein,casein
short,short
span,span
timeto,timeto
logical,logical
worth,worth
bast,bast
7th,7th
hellfire,hellfire
beautiful,beautiful
mom,mom
thankyou,thankyou
alhamdullilah,alhamdullilah
gutter,gutter
mongers,mongers
propagandist,propagandist
propagate,propagate
preplanned,preplanned
maligned,maligned
agenda,agenda
overturned,overturned
row,row
logistic,logistic
judgy,judgy
morons,morons
tested,tested
ğŸ™ƒ,ğŸ™ƒ
nazar,nazar
lag,lag
gye,gye
kisi,kisi
kiğŸ’”,kiğŸ’”
recoveryğŸ™,recoveryğŸ™
appreciable,appreciable
justicea,justicea
bench,bench
finall,finall
aftr,aftr
yearmotorwayincident,yearmotorwayincident
drive,drive
ensured,ensured
btw,btw
ğŸ¤”ğŸ¤«,ğŸ¤”ğŸ¤«
announcement,announcement
dispensed,dispensed
itll,itll
malhai,malhai
strict,strict
factğŸ˜‚ğŸ˜‚,factğŸ˜‚ğŸ˜‚
kuwaiti,kuwaiti
foreign,foreign
quarantined,quarantined
ministers,ministers
test,test
commendable,commendable
ğŸ‘ğŸ‘,ğŸ‘ğŸ‘
removed,removed
necessary,necessary
vulgar,vulgar
someones,someones
implementation,implementation
criticize,criticize
hadd,hadd
ğŸ‘ğŸ»ğŸ’¯,ğŸ‘ğŸ»ğŸ’¯
weldone,weldone
wrappers,wrappers
mrtk,mrtk
personality,personality
fiverr,fiverr
marketplace,marketplace
undress,undress
throw,throw
bloodhounds,bloodhounds
scumbags,scumbags
seriousness,seriousness
morning,morning
real,real
sinners,sinners
namely,namely
ray,ray
accoused,accoused
equally,equally
six,six
required,required
spot,spot
crane,crane
allhamduillah,allhamduillah
14year,14year
rs,rs
âœŒ,âœŒ
saza,saza
small,small
hubs,hubs
chai,chai
motheruckers,motheruckers
moterway,moterway
norms,norms
ethics,ethics
lied,lied
seminude,seminude
dress,dress
drunk,drunk
reham,reham
indian,indian
narendra,narendra
modis,modis
guidances,guidances
muslims,muslims
dreams,dreams
muhammad,muhammad
qasim,qasim
meet,meet
alhamdulilahğŸ™‚,alhamdulilahğŸ™‚
deserveğŸ˜¡,deserveğŸ˜¡
priorities,priorities
ideologies,ideologies
publicily,publicily
robot,robot
answers,answers
feeded,feeded
iran,iran
gril,gril
desecion,desecion
began,began
judgments,judgments
execution,execution
culpritslaw,culpritslaw
wreckers,wreckers
desired,desired
weve,weve
pending,pending
dig,dig
viable,viable
measures,measures
obliterate,obliterate
archetype,archetype
toxic,toxic
cringe,cringe
crucial,crucial
covid,covid
lockdown,lockdown
expected,expected
monday,monday
22march,22march
ncoc,ncoc
sultan,sultan
aameen,aameen
changing,changing
followup,followup
students,students
study,study
holds,holds
prevailed,prevailed
allhumdulliah,allhumdulliah
lovelies,lovelies
tomorrow,tomorrow
noon,noon
twins,twins
diminution,diminution
yadav0,yadav0
movement,movement
tomorrowğŸ’ğŸ’ğŸ’ğŸ’,tomorrowğŸ’ğŸ’ğŸ’ğŸ’
justise,justise
welldone,welldone
fast,fast
recovery,recovery
ameenâ™¥ï¸,ameenâ™¥ï¸
awan,awan
brutals,brutals
falcon,falcon
winter,winter
soldier,soldier
dubbed,dubbed
dekho,dekho
dayâœ…âœ”,dayâœ…âœ”
thisğŸ’¯,thisğŸ’¯
hamid,hamid
mir,mir
oddly,oddly
travelling,travelling
damned,damned
sialkotlahore,sialkotlahore
glimmer,glimmer
restores,restores
faith,faith
val,val
reaches,reaches
libtards,libtards
appreciate,appreciate
molester,molester
â™¥ï¸,â™¥ï¸
motorwayincident,motorwayincident
hassoo,hassoo
â¤,â¤
â€¢alhamdulilah,â€¢alhamdulilah
rascalsmay,rascalsmay
says,says
roaming,roaming
makes,makes
labelled,labelled
executioner,executioner
english,english
revealing,revealing
ğŸ,ğŸ
cancerian,cancerian
