Word,Count
the,3388
of,1960
to,1435
in,1240
and,1193
is,1008
a,917
we,916
this,912
victim,762
abuse,693
child,692
sign,670
be,653
petition,645
want,634
zahir,626
that,625
sex,612
jaffer,587
via,586
for,554
i,469
justice,444
on,419
it,403
amp,377
should,375
so,334
rape,327
with,322
have,310
been,300
are,300
case,299
court,287
was,280
has,279
hanged,273
not,266
who,246
our,245
he,242
by,237
her,232
you,229
woman,219
death,216
fit,215
as,207
they,206
an,189
will,189
medical,187
mentally,184
society,182
sexual,177
what,171
from,171
do,169
s,169
if,167
very,159
hope,157
please,152
can,151
get,151
jail,150
but,145
pm,142
all,139
statement,138
at,137
she,137
declared,137
blamed,135
utterly,135
violence,135
culture,134
their,134
mindset,133
him,133
reprehensible,132
doctors,132
normalizes,132
aftermath,132
umarshaikh,132
insensitive,132
resonates,132
my,130
people,129
stretcher,128
no,127
more,127
why,126
old,126
his,125
report,121
your,119
how,118
system,114
today,113
even,112
served,112
media,111
motorway,110
noor,110
accused,110
such,108
police,107
family,105
girl,103
adiala,103
pakistan,103
sentenced,102
end,100
judiciary,98
news,98
years,97
still,97
must,96
social,94
canâ€™t,94
may,93
deserves,92
rapists,91
involved,90
like,90
its,85
now,85
up,85
decision,84
just,83
time,83
being,83
them,82
completely,82
there,81
these,81
many,80
4,80
drama,80
one,79
tw,78
out,78
culprits,77
hang,75
need,75
abid,75
murder,75
ali,74
physically,74
deserve,74
raped,72
know,72
new,72
courts,71
sentence,71
trial,70
every,70
where,70
everyone,69
punishment,68
lahore,68
year,68
after,66
next,66
about,66
allah,66
video,65
finally,65
shafqat,65
heartbreaking,65
pedophilia,65
life,64
brought,63
heart,63
mental,63
day,63
authorities,61
give,61
show,60
or,60
mariam,59
read,59
declare,59
take,59
rich,59
soon,58
me,57
any,57
only,57
stand,56
made,56
kind,56
see,56
entire,56
fully,56
make,55
hell,55
until,54
submitted,54
fucking,53
given,53
human,53
elite,53
abused,53
pray,52
baby,52
monster,51
had,51
did,51
dramay,51
better,50
children,50
till,49
main,49
board,49
needs,49
got,48
really,48
fuck,48
itâ€™s,47
world,47
let,47
punished,47
murderer,47
scary,47
twitter,47
unstable,46
before,46
feel,46
safe,46
here,46
prime,46
sickening,46
proceeding,46
against,45
etc,44
last,44
anyone,44
teacher,44
go,44
remain,43
ğŸ™,43
question,43
crime,43
future,43
remind,43
n,42
duty,42
jafferadamjees,42
space,42
raised,42
donâ€™t,42
women,42
dont,41
heirs,41
lawyers,41
done,41
civic,41
moguls,41
landlords,41
malhi,41
protecting,41
officer,41
islamic,41
silent,41
good,40
father,40
much,40
always,40
baaz,40
seems,40
mother,40
chair,40
killed,39
monsters,39
watch,39
elements,39
without,39
shit,39
sheâ€™s,39
cooperating,39
according,38
us,38
criminals,38
protect,38
ğŸ’”,38
verdict,37
men,37
7,37
despite,37
four,36
government,36
trying,36
other,36
alchemist,36
back,35
asap,35
disgusting,35
tweeting,35
medically,35
team,35
too,35
called,35
place,34
two,34
right,34
criminal,34
those,33
mukadam,33
keep,33
put,33
pakistani,33
rapist,33
well,33
incident,33
pain,33
came,33
were,33
14,33
anti,32
victims,32
plea,32
am,32
thank,32
illness,32
lawyer,31
tortured,31
wish,31
muqaddam,31
mercy,31
watching,31
jaffers,31
alhumdulillah,31
breathe,30
supposed,30
facts,30
sick,30
cant,30
kid,30
produced,30
atc,30
because,30
believe,30
would,30
daughter,30
circumstances,30
shes,30
locked,30
under,29
way,29
both,29
suffering,29
republic,29
poor,29
unwell,29
order,29
update,29
matter,29
publicly,29
over,29
everything,28
reason,28
speedy,28
nothing,28
forget,28
months,28
hanging,27
crimes,27
gang,27
cases,27
through,27
terrorism,27
grant,27
spread,27
minister,26
condition,26
saving,26
pmln,26
arises,26
help,26
declares,26
attending,26
reveal,26
afterthought,26
rid,26
liability,26
jen0,25
nowadays,25
aches,25
most,25
kifarahkarma,25
again,25
when,25
capital,25
said,25
things,25
think,25
consider,25
off,25
counsel,25
defense,25
some,25
god,25
best,24
hearing,24
â€”,24
crossexamination,24
rights,24
man,24
away,24
io,24
heinous,24
eases,24
become,23
innocent,23
country,23
took,23
rot,23
few,23
sentences,23
investigation,23
person,22
public,22
voice,22
investigations,22
listen,22
does,22
showing,22
also,22
acting,22
thatâ€™s,22
awards,22
same,22
then,22
im,21
tandatangani,21
able,21
ever,21
deteriorated,21
law,21
petisi,21
accuseds,21
sitting,21
zakir,21
jan,21
happened,21
24th,21
another,21
yesterday,21
forward,21
parents,21
x3,21
hear,21
islamabad,21
coming,21
could,21
mothers,21
head,21
looking,21
minutes,20
while,20
hashtag,20
goes,20
something,20
u,20
seen,20
Ø¬ÛŒÙˆÛØ²Ø§Ø±ÙˆÚºØ³Ø§Ù„Ú©Ù¾ØªØ§Ù†,20
talk,20
arrives,20
incidents,20
coz,20
ask,20
fighting,20
example,20
stop,20
continue,20
below,20
highlighted,20
used,20
corrupt,19
notice,19
supporting,19
daily,19
than,19
warning,19
state,19
deserved,19
id,19
purportedly,19
sake,19
ğŸ‘,19
appreciated,19
alone,19
delayed,19
thanks,19
big,18
rkhar,18
dare,18
penalty,18
which,18
servedeventually,18
â€“,18
ğŸ˜ ,18
judge,18
action,18
little,18
pnismnt,18
becoz,18
shame,18
â€¦,18
beast,18
higher,18
channels,18
share,18
story,18
mockery,18
come,18
ğŸ˜£,18
imagine,17
act,17
per,17
139,17
having,17
assault,17
guys,17
ab,17
bastard,17
130,17
ranked,17
points,17
sympathy,17
departments,17
retard,17
exist,17
beings,17
institutions,17
never,17
noorâ€™s,17
evil,17
beheaded,17
long,17
2,16
say,16
trigger,16
proved,16
gey,16
kahen,16
mind,16
full,16
part,16
finallyğŸ‘,16
liberals,16
horrific,16
mr,16
hair,16
fatima,16
lead,16
â€™s,16
cannot,16
empathy,16
hai,16
asking,16
power,16
demand,15
trail,15
highly,15
finallyâœŒï¸,15
injustice,15
punish,15
list,15
recently,15
suspect,15
evidences,15
shzd,15
link,15
guilty,15
plz,15
first,15
ğŸ˜”,15
draw,15
Ù†ÛŒØ§Ø²ÛŒÙ‚Ø¨Ø±Ù…ÛŒÚºØ³Ú©ÙˆÙ†Ú©Ø±Ùˆ,15
disgusted,15
1,15
already,15
support,15
arrested,15
planned,14
bring,14
down,14
enough,14
apny,14
conducted,14
truth,14
sickened,14
environment,14
performance,14
celebrities,14
ke,14
chahiye,14
trauma,14
voices,14
punishments,14
run,14
gain,14
non,14
saleem,14
ğŸ˜­,14
5th,14
bail,14
blood,14
severest,14
wont,13
yrs,13
idc,13
fandoms,13
reunite,13
almighty,13
kar,13
moral,13
legal,13
wonder,13
escape,13
muqadam,13
healing,13
ğŸ­,13
brutally,13
fired,13
scene,13
check,13
forensics,13
celebrate,13
comes,13
infront,13
inna,13
killers,13
going,13
ğŸ‡µğŸ‡°,13
rarely,13
lillah,13
parh,13
retweeting,13
acc,13
spared,13
laini,13
listening,13
drops,13
speak,13
guy,13
private,13
noona05,13
dec,13
listened,13
isnt,13
wheelchair,13
sure,13
daughters,13
leading,13
millions,13
upto,13
swift,13
lahoresialkot,13
humane,13
facing,13
several,13
behind,12
into,12
courtroom,12
finish,12
jaffar,12
carpets,12
realize,12
wrong,12
backlash,12
rightly,12
evidence,12
hosts,12
ft,12
work,12
persecution,12
floor,12
words,12
live,12
akhirat,12
dunia,12
astaghfirullahalazim,12
join,12
himself,12
important,12
oscar,12
injured,12
handed,12
advocate,12
judicial,12
remember,12
politicians,12
television,12
Ú©ÛØ§ÚºÛÛ’Ø±ÛŒÙ¾Ø³Ù¹Ù‚Ø§Ù†ÙˆÙ†,12
aid,12
ko,12
pls,12
users,12
pushed,12
carpet,12
writing,12
authors,12
shifa,12
officers,12
crazy,11
prosecutions,11
awarded,11
murdered,11
playing,11
nor,11
orders,11
others,11
thursday,11
wtf,11
reality,11
hy,11
revolting,11
least,11
explaining,11
template,11
towards,11
taken,11
room,11
adjudications,11
survivors,11
workable,11
seven,11
kids,11
lessons,11
shares,11
front,11
org,11
demands,11
care,11
course,11
sessions,11
ambassador,11
convicts,11
night,11
maneuver,11
mach4,11
hearingğŸ‘,11
41000,11
germany,11
altitude,11
creepy,11
dodging,11
takes,11
point,11
rehearsal,11
horrible,11
disrespect,11
axhar,11
hardly,11
beginning,11
find,10
follow,10
convenience,10
excuses,10
within,10
ameen,10
style,10
theatrics,10
fact,10
reform,10
possible,10
critical,10
psychological,10
tried,10
doing,10
training,10
car,10
ccpo,10
pey,10
sensitisation,10
applaud,10
adequate,10
protest,10
rehabilitative,10
avoid,10
saturday,10
son,10
defence,10
own,10
open,10
coffin,10
itstabi,10
2021,10
thousands,10
tactics,10
womenâ€™s,10
denied,10
recent,10
hats,10
kabhi,10
alhamdulillah,10
noors,10
laws,9
found,9
har,9
attention,9
bars,9
happen,9
inshaallah,9
abuser,9
voter,9
hospital,9
fool,9
supporter,9
clear,9
implemented,9
rest,9
ik,9
isnâ€™t,9
r,9
ğŸ’¯,9
everyday,9
kindergarten,9
major,9
someone,9
â˜¹ï¸,9
creep,9
hit,9
looks,9
disdainful,9
speeding,9
girls,9
beaten,9
blatant,9
site,9
â€œshe,9
tolerate,9
examplary,9
thats,9
ğŸ™‚,9
whatâ€™s,9
obstruct,9
timely,9
nhampmp,9
pics,9
khalid,9
memon,9
1ï¸âƒ£,9
ğŸ”—,9
india,9
correct,9
oped,9
die,9
maafi,9
understand,9
rightsâ€,9
broken,9
gangrape,9
curious,9
systemâ—such,9
antiterrorism,9
dramas,9
loved,8
fine,8
pro,8
ye,8
played,8
styled,8
inke,8
relation,8
20,8
living,8
ready,8
lousy,8
blind,8
lain,8
identity,8
sigh,8
w,8
families,8
treatment,8
k,8
conveniently,8
petitionshare,8
prove,8
fooled,8
change,8
games,8
alive,8
former,8
digital,8
ill,8
alhamdulilah,8
âœ¨,8
angry,8
rascals,8
love,8
corona,8
march,8
tell,8
degradation,8
peace,8
lady,8
worst,8
look,8
awareness,8
ounce,8
grown,8
thing,8
salute,8
wrote,8
face,7
jafferadamjee,7
september,7
2020,7
splendid,7
lets,7
zulqarnain,7
6,7
tactic,7
humiliate,7
getting,7
abt,7
questions,7
thwarted,7
female,7
uphold,7
maro,7
revealed,7
haramio,7
lock,7
darn,7
cold,7
â¦â©,7
sexually,7
difficult,7
historic,7
desidream,7
grave,7
herself,7
stabs,7
cuts,7
pretending,7
present,7
didnt,7
anticipated,7
sad,7
ğŸ˜Œâœ…,7
traumatic,7
weirdo,7
set,7
pst,7
shouldnâ€™t,7
whole,7
killer,7
mil,7
heard,7
attempt,7
primary,7
winning,7
info,7
repuplic,7
hours,7
roz,7
trending,7
grieving,7
mulk,7
shape,7
final,7
reliefsome,7
ones,7
consolationsome,7
karta,7
penaltythe,7
souls,7
bhi,7
publicised,7
tamasha,7
naya,7
koi,7
nation,7
serious,7
9,7
gone,6
oh,6
sir,6
proof,6
sink,6
potato,6
actually,6
type,6
international,6
happening,6
crying,6
purdue,6
respect,6
insanity,6
proceedings,6
lives,6
source,6
kinda,6
ğŸ‘‡ğŸ½,6
seriously,6
taking,6
followed,6
ps,6
raping,6
cancel,6
totally,6
announced,6
yeh,6
once,6
zahoor,6
tahir,6
forced,6
explain,6
formal,6
association,6
keeping,6
usman,6
compass,6
use,6
free,6
hopes,6
ğŸ‘‡ğŸ»ğŸ‘‡ğŸ»ğŸ‘‡ğŸ»,6
positive,6
each,6
inhuman,6
se,6
sending,6
actor,6
prayers,6
wat,6
chal,6
rha,6
earth,6
senses,6
walk,6
hashtags,6
north,6
accusing,6
facebook,6
9pm,6
finds,6
22nd,6
sheer,6
hopethe,6
warms,6
connecting,6
nikly,6
single,6
apne,6
activities,6
nahin,6
january,6
parwa,6
janaza,6
2013,6
loogon,6
lewat,6
decided,6
humiliating,6
21,6
finger,6
gives,6
levels,6
ensure,6
boils,6
shah,6
absolutely,6
carried,6
skills,6
veer,6
blaming,6
health,6
save,6
wouldnt,6
committing,6
accordingly,5
hands,5
fatherduring,5
barbaric,5
â€œyouâ€™ve,5
imprisonment,5
step,5
permissible,5
arrived,5
funeral,5
raise,5
prevent,5
ahmed,5
swt,5
relationshipâ€,5
disturbing,5
whats,5
call,5
perpetuated,5
destroy,5
context,5
during,5
escapealso,5
wonâ€™t,5
letâ€™s,5
pulled,5
omer,5
ur,5
ğŸ¤®,5
political,5
rapes,5
credit,5
haya,5
shattered,5
allowed,5
womendaughters,5
causes,5
mensons,5
claim,5
hey,5
thread,5
emotional,5
mai,5
earlier,5
caseis,5
sent,5
told,5
leave,5
second,5
spend,5
sharam,5
hate,5
seeing,5
experience,5
worse,5
soul,5
ğŸ‘ğŸ‘,5
animals,5
strength,5
online,5
izzat,5
couldnâ€™t,5
request,5
protest24march,5
calling,5
dear,5
befall,5
none,5
animal,5
yo,5
agony,5
though,5
greatest,5
honourable,5
khan,5
preposterous,5
ago,5
americanness,5
ruthless,5
m,5
shughal,5
ajeeb,5
na,5
hn,5
fear,5
saying,5
rhi,5
kr,5
kam,5
tangein,5
ğŸ‘‰,5
cope,5
hosseini,5
indictment,5
character,5
mans,5
released,5
cause,5
walking,5
needle,5
harassment,5
suns,5
thousand,5
burning,5
800,5
means,5
citied,5
stick,5
acid,5
session,5
kerosene,5
fake,5
applicable,5
interview,5
koblenz,5
aafia,5
violation,5
inhumane,5
phone,5
pic,5
sayss,5
deterrence,5
publically,5
Ù…Ù„Ú©Ú©ÛŒØ¨Ù‚Ø§ØµØ¯Ø§Ø±ØªÛŒÙ†Ø¸Ø§Ù…,5
later,5
prevail,5
bad,5
acceptable,5
doesnt,5
henious,5
toh,5
zahid,5
shenanigans,5
wants,5
unveils,5
concluded,5
awardwinning,5
pedophiles,4
horrifying,4
missed,4
alizai,4
ğŸ’—,4
comfort,4
sarfaraz,4
sees,4
fraud,4
heavy,4
jameel,4
quetta,4
devasted,4
fault,4
leanancy,4
kakar,4
community,4
loves,4
cater,4
destroyed,4
familyjustice,4
anywherethink,4
dog,4
appeals,4
endorse,4
penaltyi,4
harm,4
nawakilli,4
anything,4
sho,4
praising,4
youre,4
mirzas,4
hello,4
school,4
mian,4
begad,4
el,4
lanatğŸ–ğŸ¼advocates,4
da,4
precedent,4
engage,4
providing,4
humanity,4
included,4
becomes,4
protests,4
behaviour,4
try,4
joke,4
805,4
badly,4
babies,4
schools,4
dictionary,4
acts,4
esp,4
recovery,4
around,4
sidharth,4
bibi,4
bushra,4
spent,4
kohli,4
khilafah,4
bangladesh,4
pictures,4
happens,4
bhutto,4
pandemic,4
east,4
lums,4
23rd,4
due,4
iâ€™m,4
issue,4
horrid,4
describe,4
2022,4
bushrak,4
nd,4
Ù†ÛØµØ§ÙÚ†Ù„ÛŒÙ†ÛØ´ÙØ§ÙÚ†Ù„ÛŒ,4
limit,4
ğŸ‘ğŸ»ğŸ‘ğŸ»,4
okay,4
gangraping,4
recover,4
proud,4
ha,4
omg,4
bitch,4
forgotten,4
bloody,4
sister,4
play,4
felt,4
literally,4
failed,4
terror,4
band,4
feels,4
Ú©Úˆ,4
faced,4
responsible,4
justified,4
ruining,4
status,4
low,4
learn,4
Ø¯Ø§,4
Ú¯Ø§Ù„Ø§Úº,4
music,4
sane,4
doesnâ€™t,4
Ø¨ÙˆÙ¹Ø§,4
challenge,4
Ú©ÛŒÛÙ†Ø¯Û’,4
ÙÛŒØ±,4
ignorance,4
progressing,4
Ù†ÛŒÚº,4
h,4
pieces,4
concocted,4
mein,4
beasts,4
0,4
version,4
result,4
wen,4
went,4
freely,4
drs,4
ho,4
job,4
yourself,4
probably,4
situation,4
khadijas,4
attacker,4
early,4
muslim,4
mukadams,4
counsels,4
highest,4
asked,4
imran,4
since,4
reminded,4
shocked,4
institutionalized,4
hard,4
breaks,4
delay,4
telling,4
enforcement,4
sharing,4
breaking,4
dayâ€¦,4
outstanding,4
trust,4
solution,4
deal,4
across,4
carry,4
pathetic,4
wake,4
home,4
giving,4
data,4
topic,4
stupid,4
ğŸ‘‡,4
log,4
assistant,4
documentary,4
amazing,4
blessed,4
immense,4
spare,4
thay,4
aameen,4
sabar,4
notes,4
murdererrapist,4
12,4
vlog,4
inducing,4
misogynistic,4
illegal,4
ğŸ‘‡ğŸ¬ğŸ‘‡,4
unable,4
level,4
young,4
baseless,4
feet,4
tight,4
hurdle,4
relevant,4
yet,4
vs,4
posting,4
image,4
wouldve,4
vile,4
yes,4
wondering,4
reminder,4
gonna,4
undo,4
conviction,4
healthyâ€,4
â€œ,4
allahs,4
Ø·Ù„Ø¨ÛÚ©ÙˆÙ¾Ú‘Ú¾Ù†Û’Ø¯Ùˆ,4
representation,4
views,4
scandalise,4
sikandar,4
bit,4
following,4
gujarpura,4
discussing,4
inside,4
ppl,4
hain,4
beheaderğŸ‘‡ğŸ»,4
road,4
quran,4
area,4
aese,4
parhatey,4
tweet,4
promoted,4
molestation,4
mukaddamâ€™s,4
protected,4
investigated,4
traumatising,4
closed,4
reasons,3
ambulance,3
2010,3
cruelest,3
witnesses,3
minute,3
enjoyed,3
400,3
ğŸ™ŒğŸ¾,3
specifically,3
gyi,3
thandak,3
hussain,3
focus,3
pakistans,3
gaya,3
history,3
sukoon,3
arshad,3
dil,3
werent,3
confidence,3
restored,3
kaleje,3
control,3
sultan,3
true,3
details,3
wth,3
latest,3
visual,3
period,3
ease,3
sympathies,3
filth,3
wasnt,3
days,3
arrest,3
phansi,3
ve,3
bill,3
brutality,3
hindi,3
agencies,3
disgust,3
safety,3
convicted,3
nawaz,3
jo,3
ka,3
3,3
security,3
less,3
fir,3
pkr,3
heartbroken,3
shown,3
continues,3
fun,3
class,3
islam,3
fbma,3
speaks,3
ğŸ™ğŸ¼,3
confused,3
happy,3
tests,3
couldnt,3
instead,3
pedophile,3
zaher,3
relief,3
rather,3
including,3
sort,3
acquit,3
independent,3
sound,3
judiciaryğŸ™,3
gangraped,3
prompting,3
left,3
nationwide,3
ruthlessly,3
fire,3
wife,3
roams,3
basically,3
brazil,3
whilst,3
govt,3
sexy,3
oppressed,3
armed,3
violated,3
yess,3
ammoon,3
castration,3
wallahi,3
ğŸ˜­â™¥ï¸,3
satisfied,3
tbh,3
consequences,3
definitely,3
accident,3
defendant,3
hurry,3
ibn,3
waiting,3
bagga,3
easy,3
Ø§Ù„Ø¹Ø¯Ø§Ù„Ø©Ù„Ù…Ø±ÙŠÙ…,3
injuries,3
opinion,3
maliki,3
sentiments,3
shifted,3
piece,3
photos,3
concept,3
accounts,3
raising,3
tough,3
sorry,3
iâ€™d,3
myself,3
graphic,3
cuz,3
aurat,3
shukar,3
praying,3
imploring,3
extremely,3
lot,3
smile,3
week,3
violate,3
abubakar30,3
brings,3
pe,3
shahid,3
stories,3
4yo,3
stopped,3
professional,3
write,3
predicted,3
junaid,3
town,3
hafeez,3
bright,3
perpetrators,3
victory,3
maanlia,3
bacame,3
boring,3
idol,3
scholar,3
jannath,3
blasphemy,3
sentencesolitary,3
clothes,3
confinement,3
apni,3
bastards,3
protects,3
watched,3
highlights,3
channel,3
senior,3
characterless,3
names,3
volume,3
whether,3
50000,3
based,3
â€œgod,3
disguise,3
ought,3
ap,3
hadayah,3
judgement,3
bemar,3
perfect,3
kp,3
gets,3
protocol,3
dy,3
rhay,3
adults,3
lifelong,3
shld,3
nobody,3
pakistanğŸ‘,3
raza110,3
far,3
idea,3
pdophelia,3
sx,3
holy,3
apparently,3
Ø³Ù„Ø§Ù…ÛŒØ§Ø§Ù…ÛŒØ±Ø§Ù„Ù…Ø¬Ø§ÛØ¯ÛŒÙ†,3
21st,3
however,3
escorted,3
bro,3
teenageri,3
harassed,3
driving,3
keys,3
taser,3
award,3
lux,3
jailed,3
offenders,3
talking,3
vigilant,3
nursery,3
exdiplomat,3
wra,3
background,3
slaughtered,3
mukaddam,3
racial,3
ethnicity,3
special,3
written,3
nears,3
gruesome,3
28yearold,3
eventually,3
formâ€,3
painful,3
different,3
whatever,3
current,3
akhtarmalik,3
savage12,3
era,3
topics,3
treated,3
cut,3
july,3
astaghfirullah,3
rat,3
cruel,3
appeal,3
detail,3
8,3
sana,3
hashmi,3
hd,3
confessed,3
ya,3
re,3
la,3
Ù†ÙˆØ±ÙˆØ²,3
german,3
â¤,3
discuss,3
faking,3
agst,3
ridiculous,3
chest,3
â€˜pakistan,3
mansoor,3
azam,3
sab,3
qaziâ€™,3
everywhere,3
ignore,3
shaking,3
attend,3
pk,3
slap,3
meditated,3
tv,3
decsions,3
option,3
thisâ€¼ï¸,3
Ù†Ø§Ù„,3
Ú†ÙˆØ±Ø§Úº,3
Ú©ØªÛŒ,3
tells,3
coaccused,3
worsened,3
contends,3
triggered,3
deteriorating,3
describing,3
thinking,3
stretcherbed,3
ashamed,3
side,3
sleep,3
huss,3
existence,3
dead,3
haral,3
lie,3
ki,3
hun,3
money,3
beyond,3
focusing,3
whose,3
test,3
sikander,3
broke,3
laid,3
havenâ€™t,3
â€˜physically,3
dispicable,3
belongs,3
executed,3
mobile,3
interesting,3
culprit,3
unjustly,3
normal,3
inâ€™shaâ€™allah,3
celebrating,3
delaying,3
corpse,3
grownass,3
healthyâ€™,3
wo,3
close,3
wheel,3
expecting,2
walmart,2
kill,2
buy,2
25,2
target,2
firma,2
oomfs,2
youâ€™re,2
peshawar,2
freaking,2
leads,2
donate,2
steps,2
discouraged,2
allahuakbar,2
maryam,2
ğŸ™ğŸ»,2
silenced,2
lost,2
shockwaves,2
setting,2
top,2
isolated,2
comments,2
teachers,2
sustained,2
4yearold,2
wait,2
justification,2
petizione,2
motorcycle,2
gamestop,2
actions,2
restock,2
ğŸ˜¥ğŸ˜¥ğŸ˜¥ğŸ˜¥,2
allhmdulillahfinally,2
prison,2
react,2
daily14,2
disappointed,2
ranks,2
umar,2
jannah,2
nonono,2
aggravating,2
male,2
sue,2
Ø§Ù†ØµØ§ÙÚ©Ø±ÙˆØ³ÛŒØ§Ø³ØªÙ†ÛÛŒÚº,2
travel,2
sheikh,2
smoke,2
unless,2
opinionmaking,2
â—â—â—â—â—â—â—â—â—â—â—â—,2
hassoo,2
familys,2
akely,2
else,2
friend,2
reading,2
Ù…Ø±ÙŠÙ…ÙˆÙŠÙ†,2
yearold,2
subjected,2
lucman,2
realplease,2
ğŸ˜­ğŸ˜­ğŸ˜­,2
chopped,2
35,2
drugged,2
hiraba,2
toys,2
zainab,2
unacceptable,2
qazi,2
abu,2
x,2
bakr,2
walaa,2
series,2
anymore,2
arabi,2
message,2
dick,2
equipped,2
nas,2
howa,2
letting,2
violent,2
ladies,2
empty,2
petrol,2
tank,2
inviting,2
appearance,2
marital,2
mobility,2
dreadful,2
vicinity,2
bc,2
sa,2
fears,2
upset,2
contribute,2
proximity,2
basma3o,2
ure,2
sd,2
negative,2
xbox,2
forever,2
unsafe,2
sirf,2
yâ€™all,2
tospeak,2
whoever,2
ge,2
types,2
guysğŸ˜­â¤ï¸,2
unimaginable,2
slide,2
yay,2
normalize,2
ğŸ˜¢,2
quickly,2
beg,2
terrifying,2
ğŸ˜‚ğŸ˜‚,2
condemned,2
original,2
barley,2
gt,2
beliy,2
making,2
nasar,2
became,2
lack,2
solved,2
tears,2
mariiam,2
triggers,2
mesada2a,2
education,2
legislation,2
members,2
file,2
citizens,2
form,2
robbed,2
serve,2
results,2
courage,2
suffer,2
eh,2
hourget,2
station,2
tonight,2
keda,2
ğŸ¥´,2
fe,2
sirens,2
helicopter,2
ezay,2
itwow,2
risk,2
antirape,2
kitna,2
giro,2
mesh,2
parent,2
apologize,2
âš ï¸,2
kills,2
gig,2
astagfirullah,2
twrape,2
45,2
episode,2
abducted,2
Ø³ÛŒ,2
gy,2
privacy,2
waseem,2
anger,2
phulpoto,2
hearts,2
amin,2
civil,2
khara,2
jahanumi,2
promulgated,2
hi,2
desecion,2
lesson,2
lay,2
disorder,2
suspicious,2
jaffir,2
darkness,2
hua,2
pgc,2
dino,2
pichlay,2
aur,2
braymehrbani,2
truly,2
nhi,2
apki,2
agr,2
lows,2
achieving,2
hes,2
strongly,2
dealt,2
rule,2
saal,2
hota,2
fitâ€™,2
weâ€™ve,2
creation,2
zahirâ€™s,2
great,2
fainly,2
ğŸ™Œ,2
debilitation,2
mianwali,2
judges,2
therefore,2
physical,2
transferred,2
domestic,2
punshiment,2
jailer,2
addressing,2
brawl,2
visit,2
norms,2
aint,2
burden,2
prosecutors,2
personality,2
burn,2
policemen,2
bakshi,2
khana,2
proven,2
exclusive,2
Ú©Ù†ÙØ±Ù…,2
Ù„Ø¹Ù†ØªÛŒğŸ–ğŸ¼ğŸ–ğŸ¼,2
responsibly,2
isko,2
bstardâ€™s,2
â€œwe,2
slightly,2
samaritan,2
saner,2
twins,2
unknown,2
jhaur,2
promote,2
victimblaming,2
honor,2
brutal,2
sanity,2
decide,2
bechara,2
client,2
flinging,2
mud,2
jaisa,2
waisahi,2
ethics,2
simple,2
q,2
among,2
incarnate,2
odd,2
anyway,2
eradicate,2
started,2
doppelganger,2
ihc,2
motorways,2
disappearedğŸ§,2
questioning,2
whatsapp,2
stopping,2
cm,2
videos,2
punjab,2
tomorrowğŸ’ğŸ’ğŸ’ğŸ’,2
movement,2
chance,2
moving,2
mukhdamâ€™s,2
bachan,2
abhishek,2
72,2
granted,2
gathered,2
shaikh,2
omar,2
ex,2
khan2,2
neither,2
alhamdullilahğŸ¤,2
â¤ï¸âœŠ,2
bringing,2
buzdar,2
bashes,2
campaign,2
hand,2
ahsan,2
aitzaz,2
predicts,2
maitla,2
reveals,2
start,2
â¤ï¸,2
problem,2
extent,2
20march2021,2
cruelty,2
tolerance,2
dr,2
zero,2
burgers,2
ignorant,2
third,2
outcomes,2
putting,2
chief,2
brand,2
strategist,2
miss,2
stake,2
27yearold,2
kidnapped,2
relationship,2
pakistanis,2
citizenship,2
insane,2
ive,2
manner,2
influential,2
defending,2
immoral,2
glared,2
didnâ€™t,2
plot,2
sets,2
theatrical,2
demanded,2
moterway,2
c,2
noorah,2
company,2
changed,2
pvt,2
ltd,2
therapist,2
pretends,2
dupe,2
scumbags,2
chained,2
creulty,2
declamation,2
touch,2
dodge,2
serial,2
ends,2
inshallah,2
shokat,2
root,2
pannel,2
em,2
schizophrenic,2
separated,2
ğŸ–ğŸ¼ğŸ–ğŸ¼,2
trailer,2
lots,2
glad,2
prevailed,2
hereafter,2
thoughts,2
exposing,2
shameful,2
irfan,2
clean,2
ğŸ‘ğŸ»ğŸ’¯,2
argument,2
deathrascals,2
hears,2
giya,2
reporting,2
shuroo,2
rona,2
maar,2
dhaaray,2
aware,2
remove,2
loopholes,2
reported,2
soulsğŸ’”,2
âš–ï¸,2
selfish,2
selflessly,2
thisğŸ’”,2
moment,2
manhoos,2
recoveryğŸ™,2
iâ€™ve,2
bench,2
toxic,2
killing,2
decisions,2
victimshaming,2
marry,2
appreciable,2
justicea,2
justify,2
mallhi,2
mulzim,2
par,2
works,2
ğŸ˜¡,2
move,2
fooling,2
antics,2
heâ€™s,2
filthy,2
began,2
witness,2
therapy,2
sunnay,2
lol,2
kept,2
humans,2
iran,2
decays,2
sin,2
gril,2
blame,2
awful,2
ministers,2
internet,2
quarantined,2
maut,2
sazaye,2
shouldnt,2
influence,2
execution,2
hadd,2
committed,2
criticize,2
qasim,2
implementation,2
maybe,2
stuck,2
prosecution,2
chills,2
strict,2
kuwaiti,2
foreign,2
knowingly,2
damn,2
shows,2
ğŸ¤¨,2
gamer,2
nazar,2
op,2
guts,2
gut,2
photo,2
properly,2
lag,2
cleaning,2
clearly,2
noon,2
malikk,2
guarantee,2
tomorrow,2
kya,2
lovelies,2
sm,2
common,2
longer,2
inshaâ€™allah,2
minds,2
speed,2
sharih,2
sy,2
ğŸ™ƒ,2
stability,2
survival,2
proper,2
b,2
likessadly,2
ampdefenders,2
implement,2
sympathizers,2
tested,2
hatsofftotheapathy,2
mess,2
pplwho,2
assuring,2
business,2
defenders,2
although,2
rejecting,2
unfortunate,2
elites,2
protocols,2
alhumdullilah,2
iscool76,2
concernğŸ’”,2
theft,2
whom,2
kiğŸ’”,2
policing,2
cringe,2
roleâ€,2
themğŸ’”,2
feed,2
unknowingly,2
gye,2
mostly,2
jatt1,2
relax,2
attempted,2
role,2
note,2
kisi,2
holes,2
chop,2
ass,2
picture,2
bribed,2
ignoring,2
murderous,2
reached,2
failure,1
bsc,1
twice,1
makes,1
correlate,1
apply,1
ics,1
fsc,1
kpk,1
track,1
afridi,1
safest,1
youâ€™ll,1
ba,1
executioner,1
urztype,1
mrtk,1
sheep,1
students,1
revealing,1
females,1
looting,1
wrappers,1
changing,1
equipment,1
includes,1
faisalabad,1
guns,1
black,1
tasers,1
pepper,1
spray,1
english,1
officials,1
followup,1
department,1
weldone,1
Ù¾Ù†Ø¬Ø§Ø¨Ù¾ÙˆÙ„ÛŒØ³Ú©ÙˆÙ„Ú¯Ø§Ù…Ø¯Ùˆ,1
self,1
zia,1
teach,1
harsh,1
labelled,1
legacy,1
tweeted,1
youll,1
seriousness,1
bloodhounds,1
fiverr,1
marketplace,1
throw,1
sahab,1
dac,1
rare,1
undress,1
somebody,1
stun,1
reoccur,1
drivers,1
dress,1
designedlets,1
archetype,1
obliterate,1
measures,1
viable,1
dig,1
pending,1
weve,1
succumbed,1
fateful,1
met,1
adeel,1
personnel,1
desired,1
bcuz,1
immediate,1
removal,1
speaking,1
narendra,1
voters,1
answerable,1
ayeshanavid,1
drunk,1
reham,1
indian,1
modis,1
todayâ€™s,1
guidances,1
muslims,1
dreams,1
muhammad,1
covid,1
crucial,1
younor,1
yourselfno,1
dears,1
collided,1
covered,1
deserveğŸ˜¡,1
crops,1
nearby,1
priorities,1
ideologies,1
publicily,1
womenchildren,1
judgments,1
buses,1
robot,1
answers,1
feeded,1
cars,1
visibility,1
expect,1
allow,1
ajam,1
wreckers,1
culpritslaw,1
sit,1
khattab,1
hazrat,1
grief,1
yemen,1
ÙŠÙˆÙ…Ø§Ù„Ø¬Ù…Ø¹Ø©,1
meet,1
jewels,1
laden,1
alhamdulilahğŸ™‚,1
umer,1
Ø¬Ù…Ø¹Ø©Ù…Ø¨Ø§Ø±ÙƒØ©,1
jawab,1
logic,1
udc,1
feminism,1
chemaly,1
six,1
soraya,1
womenâ€,1
deduce,1
required,1
spot,1
crane,1
allhamduillah,1
inevitably,1
almost,1
14year,1
serving,1
â€œask,1
kijiye,1
equally,1
jobs,1
nab,1
month,1
stenographer,1
morning,1
real,1
ğŸ,1
cashier,1
vacancies,1
85000,1
salary,1
sinners,1
namely,1
ray,1
ncoc,1
accoused,1
25000,1
khud,1
hifazat,1
pyaro,1
apologist,1
Ø¯ÛŒØ§Û”,1
Ø¨ÛŒØ§Ù†,1
Ø§ÙØ³ÙˆØ³Ù†Ø§Ú©,1
Ù†Û’,1
Ø§Ùˆ,1
Ù¾ÛŒ,1
protector,1
videoğŸ‘‡ğŸ»,1
lied,1
lockdown,1
shocking,1
ØºØ¯Ø§Ø±Ø§ÙˆØ±Ù†Ù…Ú©Ø­Ø±Ø§Ù…Ù†ÙˆØ§Ø²Ø´Ø±ÛŒÙ,1
seminude,1
programing,1
expected,1
youtube,1
rs,1
22march,1
âœŒ,1
saza,1
small,1
hubs,1
chai,1
motheruckers,1
monday,1
ğŸ””,1
jungle,1
selfdefence,1
train,1
vulgar,1
â€”â€¢,1
faeza,1
someones,1
bast,1
necessary,1
removed,1
insaf,1
ğŸ˜ŒğŸ¤²,1
newsğŸ’¯,1
restores,1
faith,1
hence,1
ğŸ‘‰video,1
theyâ€™ll,1
bet,1
val,1
tf,1
resigns,1
ameenâ™¥ï¸,1
organize,1
city,1
demonstrated,1
resignation,1
shukr,1
abbasi,1
khaqan,1
immediately,1
values,1
term,1
agency,1
dynamics,1
â€¢,1
cameraman,1
name,1
wash,1
glimmer,1
babys,1
sooo,1
100,1
times,1
javed,1
servedğŸ‘ğŸ‘,1
latif,1
survivor,1
together,1
reaches,1
research,1
kchittar,1
stabbed,1
persons,1
wheres,1
search,1
defaming,1
wrongly,1
prior,1
england,1
landmark,1
ushna,1
publication,1
fast,1
bestest,1
goyalivetv,1
scared,1
t20i,1
kot,1
guess,1
âš–,1
havent,1
interviews,1
ekhalq,1
engines,1
m40,1
ensuring,1
libtards,1
meant,1
lakhpat,1
individuals,1
leason,1
appreciate,1
molester,1
g700,1
brabus,1
camp,1
insufficient,1
basis,1
exemplary,1
settlement,1
hidden,1
isolation,1
effective,1
offers,1
employee,1
previously,1
threats,1
walked,1
purpose,1
kahar,1
scratch,1
flaws,1
kalar,1
infact,1
ills,1
awan,1
somewhere,1
prayer,1
20032021,1
welcome,1
actual,1
professionalğŸ‘†ğŸ‘†ğŸ‘†,1
regular,1
fortification,1
efforts,1
stern,1
laurels,1
property,1
sheet,1
deathwhile,1
mashahallah,1
fromğŸ‡µğŸ‡°that,1
hellğŸ”¥,1
chapter,1
accountable,1
urdu,1
daybreak,1
brutals,1
awaited,1
learning,1
terroriset,1
imprisonmentthese,1
thisğŸ’¯,1
transparency,1
relieving,1
somewher,1
hamid,1
othersğŸŒš,1
dayâœ…âœ”,1
mir,1
oddly,1
travelling,1
damned,1
sialkotlahore,1
finallyğŸ‘justice,1
shareef,1
appreciative,1
ibrat,1
falcon,1
learnt,1
winter,1
soldier,1
urgent,1
desperately,1
heartning,1
atlast,1
distance,1
stoned,1
comesâ¤,1
favorite,1
dubbed,1
song,1
â€œpeachesâ€,1
âœ”,1
dekho,1
engaged,1
ourselves,1
welldone,1
mirror,1
propagandist,1
beautiful,1
rascalsmay,1
mom,1
thankyou,1
alhamdullilah,1
gutter,1
mongers,1
propagate,1
1730,1
preplanned,1
careful,1
treat,1
maligned,1
executions,1
agenda,1
overturned,1
hellfire,1
enthusiasts,1
believer,1
Ø¯Ø±Ø§Ø¬Ø§Øª,1
possibality,1
1s,1
hv,1
happily,1
allhamdullilahâ¤ï¸,1
casein,1
short,1
span,1
subscribe,1
Ø¯Ø±Ø§Ø¬ØªÙŠØ§Ù„Ø±ÙŠØ§Ø¶,1
timeto,1
logical,1
worth,1
diminution,1
7th,1
Ø¯Ø¨Ø§Ø¨,1
row,1
shakes,1
24,1
itll,1
approach,1
sensible,1
announcement,1
dxb,1
dispensed,1
holds,1
study,1
malhai,1
loosing,1
factğŸ˜‚ğŸ˜‚,1
picks,1
rated,1
helmets,1
10,1
commendable,1
ğŸ‘ğŸ‘,1
sensitivity,1
informative,1
throne,1
finall,1
trembles,1
logistic,1
judgy,1
morons,1
says,1
allhumdulliah,1
roaming,1
aftr,1
ğŸ¤”ğŸ¤«,1
yearmotorwayincident,1
projects,1
decent,1
drive,1
audiences,1
ensured,1
btw,1
yadav0,1
23,1
illusion,1
honble,1
click,1
fcktards,1
guidelines,1
detailed,1
deservingly,1
motor,1
disbursement,1
issued,1
large,1
surely,1
directions,1
identify,1
needeed,1
ğŸŒ„2020,1
forrapists,1
overwhelming,1
poors,1
classes,1
eased,1
photoshop,1
altered,1
near,1
stays,1
resize,1
distortion,1
ğŸ‘‡â¬‡,1
adobe,1
effects,1
between,1
magazine,1
â™¥ï¸,1
theyll,1
forbade,1
emerge,1
20s,1
gap,1
thakot,1
besham,1
22,1
booster,1
redraw,1
vector,1
perpetrator,1
helpful,1
disparage,1
embrace,1
juncture,1
ordinance,1
number,1
tutorial,1
model,1
â€¢alhamdulilah,1
arya,1
justise,1
20mar21,1
233005,1
karim,1
decrease,1
isl,1
torturous,1
uncleared,1
stunning,1
insafian,1
warmly,1
motorwayincident,1
welcomed,1
dicks,1
slow,1
helps,1
moat,1
asaan,1
itni,1
ashfaq,1
ğŸ˜±ğŸš’â›½ï¸,1
toleratedthis,1
455,1
house,1
teams,1
camera,1
mmalik,1
wearing,1
shirt,1
wts,1
vibe,1
exposedalready,1
fabricate,1
jaffersno,1
hadiath,1
friday,1
womendharna,1
blinds,1
severely,1
81,1
kazi,1
gmsoomro,1
defend,1
exposed,1
ÙˆØ§Ø±Ø«ÙÙ…Ø³Ù†Ø¯ÙÙˆÙ„Ø§ÛŒØª,1
dragging,1
envisage,1
Ø±Ø§Ø¬,1
Ú†ÙˆÙ¾Ù¹,1
Ø§Ù†Ø¯Ú¾ÛŒØ±Ù†Ú¯Ø±ÛŒ,1
commit,1
whereas,1
ways,1
rotten,1
nauseating,1
unfit,1
crankytypical,1
chit,1
welcoming,1
indeed,1
riches,1
bitches,1
successfully,1
affairs,1
upcoming,1
rizvii,1
personally,1
intentionally,1
dragged,1
shut,1
questionable,1
ğŸ˜¡ğŸ˜¡,1
hojao,1
khare,1
choice,1
gaali,1
insert,1
gtÂ£ltgtlt,1
chalo,1
worsening,1
twists,1
ğŸ­ğŸ­,1
powerful,1
wishes,1
twisted,1
illfated,1
pinned,1
mayhem,1
uncontrollable,1
handcuffed,1
resorted,1
willing,1
rabbani,1
atta,1
â€˜fully,1
adiyala,1
urself,1
Û”Û”Û”Û”Û”,1
ØªÙˆ,1
Ú¯ÛŒØ§,1
Ø¨Ú†,1
Ø³Û’,1
Ù…ÙˆØª,1
Ø³Ø²Ø§,1
Ø¯Ø±Ù†Ø¯Û,1
ÙˆØ­Ø´ÛŒ,1
ÛŒÛ,1
Ø¢Ú¯Ø±,1
dark,1
getaway,1
experts,1
investigative,1
record,1
surprise,1
spoke,1
powerfuls,1
londi,1
force,1
unlike,1
marriage,1
intervened,1
mine,1
barbarian,1
threat,1
assisting,1
individual,1
casehang,1
dramaebaziii,1
stateğŸ’”,1
exchange,1
nuts,1
youve,1
ok,1
accept,1
deeds,1
haunted,1
noormukadams,1
acquitted,1
seconds,1
668,1
hiccup,1
commons,1
elaborate,1
countrys,1
yar,1
wah,1
branded,1
soonâ™¥ï¸,1
baz,1
thiskeep,1
hazard,1
killera,1
dangerous,1
connivingextremely,1
therapistso,1
management,1
companys,1
nowhe,1
facen,1
pharoon,1
kuch,1
kay,1
matlab,1
washed,1
freshly,1
practicing,1
climax,1
dramabaaz,1
stable,1
elahi9,1
toâ€¦rot,1
qadmon,1
trusted,1
tamashe,1
rishwat,1
itfull,1
jailwe,1
vvip,1
enjoying,1
dnt,1
awayğŸ™,1
promises,1
practice,1
repetition,1
sadly,1
pakistancriminals,1
justin,1
azmat,1
podcastspaces,1
helping,1
wellhope,1
friends,1
lawyerğŸ˜¡ğŸ˜¡,1
foolish,1
killedwhat,1
legally,1
dumb,1
behead,1
presented,1
institution,1
findings,1
phlay,1
despicable,1
incompetent,1
correction,1
premiering,1
season,1
footage,1
ws,1
cites,1
development,1
prolonging,1
murders,1
scum,1
dramaybaaz,1
multiplicity,1
penalties,1
culminate,1
testimonies,1
material,1
service,1
enablers,1
especially,1
infirmity,1
audio,1
diagrams,1
venn,1
thorey,1
beth,1
pity,1
nhn,1
noose,1
send,1
caseit,1
advised,1
card,1
fiasco,1
dwindling,1
books,1
clownery,1
props,1
lowest,1
facilitation,1
nh,1
sooner,1
battle,1
losing,1
prolong,1
concluding,1
flashback,1
quick,1
hueğŸ¤£ğŸ¤£ğŸ¤£,1
bhagtay,1
ma,1
bemary,1
sktay,1
backspace,1
murdering,1
khamoshi,1
psychiatrist,1
nuances,1
incompampdonâ€™t,1
docs,1
adamjaffs,1
hunch,1
youâ¤ï¸,1
upon,1
blessings,1
allhumdulilah,1
process,1
create,1
appeared,1
caseğŸ’¯ğŸ’¯ğŸ’¯,1
darinda,1
determination,1
experienced,1
showed,1
ran,1
described,1
doctor,1
inshaaallah,1
deceived,1
supposedly,1
bothered,1
surprisingly,1
cdr,1
ment,1
healthonly,1
doesi,1
americansiâ€™m,1
embodiment,1
aladl,1
firdous,1
ul,1
jannat,1
arrival,1
â€˜completely,1
psychologically,1
haneefa,1
casket,1
le,1
receive,1
zj,1
nasty,1
wrapped,1
wanna,1
uh,1
disable,1
portraying,1
theyre,1
torture,1
complicit,1
afreedi,1
americans,1
degree,1
mentioned,1
exc,1
hails,1
endure,1
outrage,1
gruesomeness,1
imho,1
sexism,1
intolerant,1
stance,1
drastically,1
selves,1
fingerpointing,1
complicity,1
acknowledge,1
culturesociety,1
realistic,1
15,1
shoes,1
youd,1
evaluate,1
concerns,1
afterthoughts,1
interest,1
jaffersadamjee,1
silence,1
active,1
initially,1
covering,1
ğŸ‘µroutinely,1
pinching,1
gates,1
grabbing,1
o,1
completion,1
happeningif,1
door,1
matterit,1
noorwomen,1
value,1
learned,1
crowd,1
motherland,1
hypocritic,1
flawed,1
20047,1
gave,1
breath,1
flag,1
lose,1
ğŸ§•face,1
indignities,1
outraged,1
demeaning,1
quite,1
nonlethal,1
gestures,1
obscene,1
matters,1
straight,1
equitable,1
compromising,1
promise,1
grade,1
inspires,1
castrate,1
kindly,1
testified,1
sector,1
f7,1
islamabads,1
shaukat,1
ğŸ™may,1
amendments,1
unwanted,1
rejected,1
jafer,1
willğŸŒºğŸŒºğŸŒº,1
assure,1
possibility,1
todays,1
khor,1
haram,1
sharif,1
tricks,1
inspire,1
otherwise,1
bs,1
observant,1
nextâ€¦,1
iskey,1
screaming,1
yelling,1
wouldnâ€™t,1
drenched,1
wrongâ€™,1
â€˜where,1
thereâ€™,1
â€˜why,1
cunning,1
wicked,1
throat,1
bear,1
hypocrites,1
lunatic,1
classical,1
land,1
isf,1
niazi,1
barrister,1
jayengey,1
pagal,1
hum,1
dramey,1
key,1
pagalpan,1
sorting,1
forgive,1
absolute,1
accepted,1
connected,1
ğŸ‘¹,1
daring,1
confirmed,1
dramatic,1
godğŸ™,1
actingğŸ™ŒğŸ»ğŸ™ŒğŸ»,1
brilliant,1
beastğŸ¤²,1
savage,1
curses,1
complainant,1
afzal,1
khokhar,1
farrukh,1
loop,1
tiny,1
might,1
ğŸ˜‚,1
actors,1
dayğŸ¤—,1
lifei,1
conscious,1
baba,1
wisdom,1
exit,1
working,1
account,1
accusedsâ€™,1
refusing,1
shot,1
platform,1
bumble,1
mukaddum,1
pleas,1
obstruction,1
lying,1
charged,1
profession,1
whos,1
rules,1
moments,1
classic,1
blurred,1
lines,1
peacefully,1
conscience,1
nature,1
measure,1
amount,1
garner,1
themselves,1
clambering,1
staff,1
ity,1
adhy,1
caught,1
audacity,1
forgetting,1
cost,1
obviously,1
wild,1
assailant,1
welfare,1
sahib,1
realized,1
2021â€™s,1
2020â€™s,1
spate,1
amplified,1
d,1
abuseâ—ï¸,1
infinite,1
reacting,1
importantly,1
wht,1
greater,1
leadership,1
forces,1
doğŸ˜£ğŸ˜–,1
disgrace,1
statements,1
false,1
hoa,1
thier,1
responsibilitiesand,1
tweets,1
Ø¬Ù†Ø³ÛŒØ¯Ø±Ù†Ø¯Û’Ú©ÙˆØ³Ø±Ø¹Ø§Ù…Ù¾Ú¾Ø§Ù†Ø³ÛŒØ¯Ùˆ,1
remarks,1
believed,1
meansğŸ’¯,1
using,1
building,1
instance,1
ğŸ“¸,1
shudder,1
cringeworthy,1
rapistsinpublic,1
accusedguilty,1
releasing,1
arrive,1
fking,1
daylight,1
broad,1
pak,1
nam,1
py,1
soch,1
gandi,1
hmari,1
lanat,1
pta,1
hmabko,1
tbhi,1
phny,1
ni,1
e,1
gujjarpura,1
nowğŸ’”,1
allahuma,1
precious,1
half,1
vid,1
thisâ€™s,1
saw,1
k98,1
belief,1
hurts,1
sickk,1
ğŸ’”ğŸ¤¦ğŸ¼â€â™€ï¸,1
allahğŸ™‚ğŸ‘,1
peoples,1
boy,1
mahmoud,1
mustafa,1
sing,1
hurting,1
childrens,1
loud,1
recorded,1
entertain,1
assaulted,1
minar,1
symptoms,1
kapry,1
mazari,1
pury,1
ne,1
larki,1
pas,1
mardon,1
jata,1
kon,1
maiğŸ˜¶,1
andhery,1
thi,1
gai,1
ohhh,1
hoti,1
kis,1
ghalati,1
issues,1
rapeharrasment,1
ashemed,1
fou2,1
illicit,1
tiktoker,1
somehow,1
manâ€™s,1
echo,1
talked,1
husband,1
pattoki,1
pointing,1
thorough,1
weapons,1
constitute,1
responding,1
cont,1
party,1
attacked,1
group,1
relates,1
deemed,1
held,1
jurist,1
ğŸ‘‡cc,1
quraishi,1
asifa,1
perspective,1
womansensitive,1
critique,1
mubashir,1
letter,1
hounded,1
mubasher,1
reference,1
2005,1
pervezmusharraf,1
mukhtar,1
c3,1
impartial,1
zunishah,1
stoning,1
robbers,1
agreed,1
evident,1
justiceits,1
awaits,1
motorwaycase,1
sisters,1
warrior,1
keyboard,1
useless,1
trends,1
rapednext,1
chennai,1
akku,1
laughing,1
horrors,1
colleagues,1
stronger,1
ilaj,1
c2,1
haraam,1
anybody,1
constitution,1
pakistanâ€™s,1
crucifixion,1
archive,1
appropriate,1
jesy,1
cms,1
sealed,1
fingers,1
lips,1
reply,1
rejectdomesticviolencebill2021,1
discussion,1
terrorized,1
rapesğŸ˜©,1
bcz,1
cigarettes,1
glorifying,1
bhai,1
trials,1
coverage,1
controlled,1
arent,1
reminding,1
kiani,1
discourage,1
huy,1
solve,1
highlight,1
waja,1
krny,1
kayi,1
suggestion,1
decades,1
high,1
wings,1
kinds,1
arresting,1
despise,1
â¦â¦â©,1
betrayed,1
cure,1
aggression,1
madina,1
france,1
guilt,1
rahiâ€™,1
hifzat,1
kyu,1
krega,1
krna,1
kaam,1
â€˜rapist,1
respected,1
mullahs,1
advice,1
13,1
extensive,1
evolved,1
posted,1
efficient,1
defiling,1
â—ï¸tw,1
razamandi,1
religion,1
uk,1
aemon,1
signing,1
yall,1
stomachi,1
draconian,1
boggling,1
dismissed,1
enrages,1
01,1
purushwuttam,1
maryada,1
bio,1
ğŸŒ¸,1
4year,1
practitioner,1
childrenâ€™s,1
theyâ€™re,1
circle,1
evelyn,1
exploitation,1
Ø­Ù‚Ù…Ø±ÙŠÙ…Ù„Ù†ÙŠØ¶ÙŠØ¹,1
peaceâ¤ï¸,1
promised,1
alleged,1
pictured,1
ten,1
clip,1
feeling,1
rage,1
fiber,1
sends,1
hearingreading,1
triggering,1
violently,1
cw,1
dropped,1
authorityâ€™s,1
Ã¡ltal,1
overcome,1
idk,1
arenâ€™t,1
ğŸ¤®ğŸ¤®ğŸ¤®,1
nakakasuka,1
nito,1
gawa,1
yung,1
tao,1
ğŸ’œ,1
nightmare,1
wellbeing,1
childs,1
worried,1
sexul,1
ban,1
widely,1
suffocating,1
mombasa,1
three,1
barking,1
absconding,1
arrestedcases,1
accusers,1
himcompany,1
inspite,1
provided,1
disorderplayed,1
psychic,1
stands,1
awam,1
desperate,1
eff,1
fam,1
co,1
dares,1
rots,1
fair,1
biased,1
mrmukaddam,1
beside,1
standing,1
hnwake,1
jatay,1
smjhy,1
milna,1
uptil,1
amina,1
lame,1
named,1
confession,1
bullshit,1
affected,1
profoundly,1
suspects,1
ultimately,1
inaction,1
boyfriend,1
mariamâ€™s,1
wanted,1
stunt,1
gyeen,1
khatam,1
chairs,1
regret,1
escaping,1
provide,1
impress,1
performanceâ€™,1
â€˜oscar,1
duas,1
stress,1
begins,1
wrath,1
comprehend,1
capable,1
geini,1
allahuakhbar,1
sickos,1
nauzubillah,1
md,1
prin,1
mortifying,1
heals,1
stomach,1
articulate,1
demons,1
attire,1
abuseâ€,1
crashed,1
british,1
american,1
evidenceğŸ™„,1
employees,1
daycare,1
5,1
ğŸ™ğŸ½,1
attached,1
â–¶ï¸,1
fcked,1
investigate,1
reopen,1
poluce,1
word,1
peaceful,1
signatures,1
mashaa,1
itâ€™ll,1
allahu,1
detailsthis,1
begging,1
csa,1
smth,1
mad,1
imma,1
persecuted,1
lightly,1
predators,1
sentencing,1
ğŸ‘‡ğŸ»ğŸ™ğŸ»,1
fates,1
thieves,1
oxygen,1
dailyâ¤,1
information,1
reped,1
ğŸ¤²ğŸ»âœ¨,1
saddest,1
Ø¹Ø¨Ø±,1
tired,1
pawar,1
heal,1
pressure,1
motherâ€™s,1
heartless,1
xin,1
attain,1
post,1
irrelevant,1
eyes,1
retweet,1
follows,1
horrendous,1
jesus,1
saeed,1
nya,1
nanay,1
ang,1
si,1
awa,1
nakaka,1
mum,1
miriam,1
trend,1
causing,1
belong,1
equal,1
evilest,1
urge,1
naive,1
helpless,1
hasnt,1
century,1
es,1
jahiliyyah,1
vÃ­a,1
peticiÃ³n,1
Â¡firma,1
whatsoever,1
ugly,1
ğŸ˜­ğŸ˜­ğŸ˜­ğŸ˜­ğŸ˜­,1
sadğŸ˜¢,1
allahuğŸ˜­ğŸ˜­,1
heartbreakingğŸ’”,1
honestly,1
ğŸ˜­ğŸ’”,1
penis,1
either,1
mouth,1
rear,1
penetrated,1
theu,1
assisted,1
fouryear,1
condolences,1
tenfold,1
inflicted,1
theyve,1
prepatrators,1
burnt,1
cancerian,1
